"","source","park","species","beta_yr","se_yr","p_yr","r2","disp"
"1","Carkeek Park","Carkeek Park","AGOL",-0.313170674170057,0.103341346982156,0.00244190481544336,0.0397335983822624,1.11423103775352
"2","Carkeek Park","Carkeek Park","AMCR",-0.0719760290863385,0.0328159086091303,0.0282838041946213,0.00676718542669495,1.17912645468238
"3","Carkeek Park","Carkeek Park","AMRO",-0.158929892348758,0.036672742998639,1.46601675846952e-05,0.0308742235256321,1.28476719938416
"4","Carkeek Park","Carkeek Park","ANHU",0.266922091677631,0.0419613138916772,2.00252501206762e-10,0.0362272622081301,0.897043650787431
"5","Carkeek Park","Carkeek Park","BAEA",0.128881403614262,0.151088115083778,0.393647406955201,0.00321527107655078,0.816880418105244
"6","Carkeek Park","Carkeek Park","BAOW",-0.28567408848364,0.334747150857209,0.393436080827132,0.0126957643084724,1.84726145380238
"7","Carkeek Park","Carkeek Park","BCCH",-0.216578288561722,0.034042097648163,1.99049621331968e-10,0.0593971807555889,0.916680388747112
"8","Carkeek Park","Carkeek Park","BEWR",-0.121133191482039,0.0508887780852518,0.0172961195093675,0.00690246225902822,0.937781523754354
"9","Carkeek Park","Carkeek Park","BHCO",-0.548245618149074,0.27507759759473,0.0462550917213659,0.0517208364546896,0.554444139929273
"10","Carkeek Park","Carkeek Park","BHGR",0.416935312381265,0.204199800870331,0.0411712970172145,0.0460240592520506,2.19311190555104
"11","Carkeek Park","Carkeek Park","BRCR",0.149915490105681,0.0698738239567135,0.0319115188833906,0.00908966219421476,0.931711513617436
"12","Carkeek Park","Carkeek Park","BTPI",-0.49773318312328,0.0989843586465817,4.94583227887388e-07,0.0608880508579758,0.566119676341337
"13","Carkeek Park","Carkeek Park","BTYW",0.557167505432911,0.131563280373462,2.2857479829722e-05,0.076009242138881,1.00305300860997
"14","Carkeek Park","Carkeek Park","BUSH",-0.68744151471933,0.127131819612369,6.39773565256023e-08,0.232212924703068,1.2734602275597
"15","Carkeek Park","Carkeek Park","CBCH",0.15530846269374,0.0681800105382478,0.0227314728468363,0.0150267648597954,1.0003974550166
"16","Carkeek Park","Carkeek Park","CEDW",1.21110600300164,0.245565944435427,8.14347578298701e-07,0.088075602067246,1.59937394427205
"17","Carkeek Park","Carkeek Park","COHA",-0.432835548426185,0.205940024466444,0.0355747121509828,0.0423530103214007,1.70034396777842
"18","Carkeek Park","Carkeek Park","DEJU",1.10455179045893,0.11945642215917,2.32000593697539e-20,0.339297631293344,2.31669546397464
"19","Carkeek Park","Carkeek Park","DOWO",-0.0122746197282233,0.0878914749939956,0.888931361937853,4.83073755939959e-05,0.942371683057166
"20","Carkeek Park","Carkeek Park","EUST",-2.38825684372207,0.770130865049232,0.00192799769330259,0.596720076995975,0.285719698377522
"21","Carkeek Park","Carkeek Park","GBHE",0.381220667498293,0.19183865617697,0.0469008788469538,0.0377223122889061,2.74698831139823
"22","Carkeek Park","Carkeek Park","GCKI",-0.0159224952191633,0.0561429865229765,0.776712237711949,0.000210855846948915,1.03817638547613
"23","Carkeek Park","Carkeek Park","GWGU",0.0594613969947891,0.0506219618800259,0.240148137067732,0.00167581038638483,0.882364177797942
"24","Carkeek Park","Carkeek Park","HAWO",0.334136359331365,0.146220803566578,0.0223040779161848,0.0276081615737203,1.05947869794637
"25","Carkeek Park","Carkeek Park","HETH",0.102769859367904,0.311877185997981,0.741762463729848,0.00238818517766905,1.20089564106854
"26","Carkeek Park","Carkeek Park","HOFI",0.025954852109705,0.133798591193625,0.846188022700126,0.000210732095349445,0.87677852556522
"27","Carkeek Park","Carkeek Park","HUVI",0.261437039818698,0.151221186999577,0.0838379683169921,0.013548365183381,0.791924213451738
"28","Carkeek Park","Carkeek Park","MALL",1.36668279955669,0.249280118038116,4.19313699214545e-08,0.156520730101563,0.112079693611809
"29","Carkeek Park","Carkeek Park","MERL",-0.201918388531522,0.265395590623792,0.446764327418558,NA,2.00352337613828
"30","Carkeek Park","Carkeek Park","NOFL",-0.111245569170144,0.0508080438054821,0.0285585791246376,0.00598689655321011,0.959093539023191
"31","Carkeek Park","Carkeek Park","OCWA",0.287474987316773,0.136023475156774,0.0345646756668023,NA,1.04789970806388
"32","Carkeek Park","Carkeek Park","OSPR",-0.597087263933494,0.241313526101903,0.0133489481020543,0.0579266266750136,0.859945401111523
"33","Carkeek Park","Carkeek Park","PAWR",-0.188611832721713,0.0406881287070459,3.55990602635471e-06,0.0171044510302887,0.919659870270379
"34","Carkeek Park","Carkeek Park","PISI",0.246987714301144,0.105860743855129,0.0196409085145962,0.121157924873106,1.43453490370856
"35","Carkeek Park","Carkeek Park","PIWO",0.19342849444043,0.117618316051763,0.100063886067109,0.0131821226506174,2.009020779461
"36","Carkeek Park","Carkeek Park","PUFI",2.3266365779397,0.526848195878651,1.00477974898428e-05,0.530736917660018,1.15653690963159
"37","Carkeek Park","Carkeek Park","RBNU",0.288115121089716,0.0683391649964881,2.48718894749242e-05,0.0189319586802032,0.794274188805636
"38","Carkeek Park","Carkeek Park","RBSA",0.531346615048721,0.302319031071656,0.0788208392423394,0.0616077848595272,0.980215647620126
"39","Carkeek Park","Carkeek Park","RCKI",-0.426866556530171,0.0947012255357916,6.55933773391755e-06,0.069839120214242,1.11164721135417
"40","Carkeek Park","Carkeek Park","ROPI",-0.554474212108585,0.179047118314065,0.0019561776814789,0.132267778225921,2.21127040151833
"41","Carkeek Park","Carkeek Park","RTHA",0.525963512434029,0.212815445016616,0.0134564986690367,0.0586291344987933,1.18958581815918
"42","Carkeek Park","Carkeek Park","SOSP",-0.0334070622100521,0.0215928229678228,0.121830136956145,0.00154938495943888,0.986215421161855
"43","Carkeek Park","Carkeek Park","SPTO",0.0673303729710343,0.046508913043831,0.147704461853063,0.00230359242505338,0.975203856013912
"44","Carkeek Park","Carkeek Park","STJA",-0.0383971924278555,0.0779778318183658,0.622428368839057,0.00049905985155037,0.993638481182405
"45","Carkeek Park","Carkeek Park","SWTH",-0.0686388523749541,0.0661593647617156,0.299513376238829,0.00130225577425133,0.834722653503841
"46","Carkeek Park","Carkeek Park","TOWA",0.879681767800588,0.244860250510575,0.000327411212721945,NA,6.29003516461606
"47","Carkeek Park","Carkeek Park","VATH",0.195065635702033,0.134145306190129,0.145908363212435,0.0108415524272133,1.13417788366529
"48","Carkeek Park","Carkeek Park","VGSW",-1.01388735342857,0.25662118463719,7.78544112549338e-05,0.202911693191762,0.877240616174064
"49","Carkeek Park","Carkeek Park","WAVI",0.754678849938459,0.130367173668422,7.08607704207986e-09,0.14212726791204,1.01393199475066
"50","Carkeek Park","Carkeek Park","WCSP",0.359569562087273,0.341500603450772,0.292382025451767,0.0175490929240701,0.351126901039133
"51","Carkeek Park","Carkeek Park","WEFL",0.734479925917834,0.0700336050588986,9.85657006005037e-26,0.16219144284761,0.871084318225756
"52","Carkeek Park","Carkeek Park","WETA",0.220841168328744,0.278145743881604,0.427209145499475,0.00828405672288634,0.773994022129292
"53","Carkeek Park","Carkeek Park","WEWP",-0.117462268571516,0.266862126487275,0.659820590550841,NA,3.90442922751008
"54","Carkeek Park","Carkeek Park","WIWA",0.326192807760891,0.0542764562380811,1.85706722427292e-09,0.0426334963553948,0.91947837844291
"55","Carkeek Park","Carkeek Park","YRWA",0.426827767201173,0.171549140896195,0.0128435300233049,0.0525844977801969,1.09102531667083
"56","Discovery Park","Discovery Park","AGOL",-0.298444900734847,0.0277787944535276,6.35022632687236e-27,0.0495462625411954,0.907625196048933
"57","Discovery Park","Discovery Park","AMCR",-0.273597625659549,0.0210627558250761,1.40083556349767e-38,0.0825367637107398,1.15471103857223
"58","Discovery Park","Discovery Park","AMRO",-0.1089214474451,0.0181130054049801,1.81628645963156e-09,0.0149821002601153,1.07365598042998
"59","Discovery Park","Discovery Park","AMWI",-0.14055756269967,0.136284274283949,0.302374048380242,0.000322643471592158,0.0690975783862041
"60","Discovery Park","Discovery Park","ANHU",0.166811774834531,0.0215879752100215,1.10050970050653e-14,0.0132322915350653,0.933433608420194
"61","Discovery Park","Discovery Park","BAEA",0.0120228150794225,0.0858626218235744,0.888641144605783,2.95932456713944e-05,0.992864732865186
"62","Discovery Park","Discovery Park","BAGO",-0.782944778482652,0.215907217419755,0.000287509064733421,0.00894665833293889,0.0753410767791806
"63","Discovery Park","Discovery Park","BAOW",0.40479736359817,0.171929487395584,0.0185507249542556,0.0286177270935362,1.76738629600151
"64","Discovery Park","Discovery Park","BARS",-0.958927527807362,0.0995743381022018,5.9574097509257e-22,0.165012166013599,0.467521583801949
"65","Discovery Park","Discovery Park","BCCH",-0.0605638773445808,0.0204371163030865,0.00304235419102995,0.00326239264136901,0.936178160844539
"66","Discovery Park","Discovery Park","BEKI",0.00640228047577394,0.0939207838488924,0.945652845173819,7.28747186784391e-06,0.785885551556192
"67","Discovery Park","Discovery Park","BEWR",0.083112362933886,0.0251094331271309,0.000932941223333109,0.00329424981896017,0.929674300193475
"68","Discovery Park","Discovery Park","BHCO",-0.474304466943389,0.0761430612533259,4.69054502059175e-10,0.0521159210406602,0.840623166401607
"69","Discovery Park","Discovery Park","BHGR",-0.0112928100306474,0.0848082051052969,0.89406918094039,2.63261753920396e-05,0.804223051599512
"70","Discovery Park","Discovery Park","BRAN",-0.343549220486893,0.319595956950584,0.282397749801387,0.00226668566288539,0.161694416603667
"71","Discovery Park","Discovery Park","BRCR",0.304589463165802,0.0427310277716167,1.01791099049056e-12,0.0205724972804269,0.686067444302753
"72","Discovery Park","Discovery Park","BTPI",-0.119812922076238,0.0665592299888196,0.0718456746294218,0.00383094036545603,0.914052303980025
"73","Discovery Park","Discovery Park","BTYW",0.45650859614514,0.0942772590151082,1.28414543959493e-06,0.0379783423852235,0.700918353493918
"74","Discovery Park","Discovery Park","BUFF",-0.132042116312141,0.108768005990893,0.224755598878563,0.000217925220685081,0.290277251434135
"75","Discovery Park","Discovery Park","BUSH",-0.459377640987924,0.0715297615717647,1.34328578709791e-10,0.119808600472862,2.01088628842514
"76","Discovery Park","Discovery Park","CAGU",0.0382395307812971,0.120552163319182,0.751089429453847,2.33009345907208e-05,0.174106067780387
"77","Discovery Park","Discovery Park","CANG",-0.216389395269901,0.250296940036261,0.387296408889188,0.033387641616979,14.7576118600395
"78","Discovery Park","Discovery Park","CAQU",-3.69840914824029,0.874915470060921,2.36657622824404e-05,0.72547734689535,0.109549309963183
"79","Discovery Park","Discovery Park","CATE",0.515139966278681,0.0789144919197593,6.67317500550951e-11,0.0527348729489486,0.349876851171393
"80","Discovery Park","Discovery Park","CBCH",0.239566397858129,0.035492682841528,1.48109842487162e-11,0.0243068230805587,0.851466651464264
"81","Discovery Park","Discovery Park","CEDW",-0.163485640105495,0.0540418953408737,0.00248497675443536,0.00934749765015047,0.794022842486542
"82","Discovery Park","Discovery Park","CLSW",-1.30490827622414,0.471783577102009,0.00567651716805369,0.0859797605748119,0.136689370856113
"83","Discovery Park","Discovery Park","COGO",0.324523276713946,0.109163293373177,0.00295073436217953,0.00110851179324426,0.111426563980213
"84","Discovery Park","Discovery Park","COHA",-0.026446441887579,0.0979449767963374,0.787150057064101,0.000162152556628595,1.24199309739735
"85","Discovery Park","Discovery Park","COLO",-0.114723614351956,0.266554284438979,0.66690837796453,0.000312056694456682,0.156466126097345
"86","Discovery Park","Discovery Park","COME",2.21609111285068,0.428956797722239,2.38857964083024e-07,0.0767292505759442,0.104770346133578
"87","Discovery Park","Discovery Park","CORA",1.74013751562453,0.151425440281775,1.45205747381574e-30,0.461617928364232,0.41247045923426
"88","Discovery Park","Discovery Park","COYE",-0.244582856642372,0.310730303215924,0.431210077224735,0.00509632070160693,0.221350574493962
"89","Discovery Park","Discovery Park","DCCO",0.312867305289216,0.0719274184353988,1.36284036550905e-05,0.0121468988458672,0.351966163170025
"90","Discovery Park","Discovery Park","DEJU",0.393477706432703,0.0292192387322015,2.46627963442339e-41,0.0622401783028981,0.978939911780562
"91","Discovery Park","Discovery Park","DOWO",0.0222949257230835,0.0565795534881241,0.693547352049441,0.000116053388951802,0.812123936893179
"92","Discovery Park","Discovery Park","EUST",-0.983377706089672,0.0779574827187763,1.76154749562854e-36,0.254981768560416,0.72012682306984
"93","Discovery Park","Discovery Park","EVGR",-0.446176583579365,0.206327907576147,0.0305824621970659,0.0577957570742584,0.615273834797246
"94","Discovery Park","Discovery Park","FOSP",0.00141215934541021,0.0637410692943808,0.982324614477257,3.79293416250529e-07,0.58783811078158
"95","Discovery Park","Discovery Park","GADW",-1.45074412731359,0.220842871342792,5.06122462596039e-11,0.0281841771758012,0.197082099849325
"96","Discovery Park","Discovery Park","GBHE",0.0685497923711258,0.0710226339905971,0.334453488602743,0.00101874990244657,0.772082855195482
"97","Discovery Park","Discovery Park","GCKI",-0.0825585379097722,0.0324935660379862,0.0110610016370784,0.00302816922847046,0.831565669637652
"98","Discovery Park","Discovery Park","GCSP",-0.252977948320722,0.0796680817585173,0.00149630592898457,0.0113700049636295,0.435491605980821
"99","Discovery Park","Discovery Park","GRSC",-0.693903793748776,0.220777060603673,0.0016722197854226,0.00998543795555642,0.0501812655459158
"100","Discovery Park","Discovery Park","GWGU",0.0101607450625065,0.0355850467066128,0.775234966493336,2.53568052925079e-05,0.504135273709922
"101","Discovery Park","Discovery Park","HAWO",0.111466704457094,0.157027971411023,0.477795583551215,0.00188524954433861,0.591299077504014
"102","Discovery Park","Discovery Park","HEEG",-0.252316030174115,0.23945372917325,0.292013335289486,0.00136705626689377,0.041080012423982
"103","Discovery Park","Discovery Park","HETH",0.134979070368569,0.149157990933263,0.365497039360063,0.0024739386982466,0.530830668138246
"104","Discovery Park","Discovery Park","HOFI",-0.0555927221041818,0.0429810285807443,0.195864227127479,0.00105422778247617,0.765655387497835
"105","Discovery Park","Discovery Park","HOGR",0.211393395941893,0.072068157647791,0.00335441582358907,0.000504020609817098,0.0994363389838198
"106","Discovery Park","Discovery Park","HOME",-0.43425074799249,0.288783110168202,0.132651863206609,0.00385104800007628,0.0727182244754485
"107","Discovery Park","Discovery Park","HOSP",-1.81979599162446,0.259840062606267,2.49603973869659e-12,0.198891926908779,0.341784614468492
"108","Discovery Park","Discovery Park","HUVI",0.354181872193607,0.0737854356440944,1.58539181078865e-06,0.0284190990163765,0.709012447218781
"109","Discovery Park","Discovery Park","KILL",-0.577197594976961,0.252722087336401,0.0223761015189099,0.0267420811728559,0.339382195997674
"110","Discovery Park","Discovery Park","LESC",0.687498207400171,0.339728216293642,0.0430039936824994,0.0125287336324109,0.0884445481173547
"111","Discovery Park","Discovery Park","LISP",-0.576215796617881,0.19998334553822,0.00396014717114818,0.00918186176078637,0.238685394270789
"112","Discovery Park","Discovery Park","MALL",-0.152500070982263,0.0685053111702269,0.0260070950973401,0.00288588638003707,0.242859028234154
"113","Discovery Park","Discovery Park","MERL",0.155256101375172,0.172361527647546,0.367716767162864,0.00343684816060884,0.578662743594886
"114","Discovery Park","Discovery Park","MODO",-0.685507523998402,0.289306307259336,0.0178127829652926,0.0624072153111674,0.781729826161007
"115","Discovery Park","Discovery Park","NOFL",-0.204307883328816,0.031127784912402,5.25516786220446e-11,0.0184105159845804,0.970896249606583
"116","Discovery Park","Discovery Park","NRWS",-0.507639915715793,0.242239003775743,0.0361162747454532,0.0325532786419563,1.21861515376994
"117","Discovery Park","Discovery Park","NSHO",-0.580696708932649,0.192197287741541,0.00251644090479365,0.00719599966584545,0.974625553989724
"118","Discovery Park","Discovery Park","OCWA",0.0645104802813952,0.042169196983411,0.126065990688291,0.00115969706998092,0.929982526051455
"119","Discovery Park","Discovery Park","OSFL",-0.0859780764260826,0.146224755371073,0.556541839474912,0.00149395089577299,2.29402410243013
"120","Discovery Park","Discovery Park","OSPR",0.306497954842562,0.121847020914031,0.0118886444676376,0.0152548259363776,0.748889233827073
"121","Discovery Park","Discovery Park","PAWR",-0.00881896081131804,0.0238582766093027,0.711651135180341,2.47240586456185e-05,0.873660997686544
"122","Discovery Park","Discovery Park","PEFA",-0.239130940769127,0.29588635793335,0.418984043614254,0.00669158408370603,0.512497428490463
"123","Discovery Park","Discovery Park","PIGU",-0.4123149426256,0.217150820584794,0.0575974618802785,0.0033082441476059,0.071924715121747
"124","Discovery Park","Discovery Park","PISI",-0.16790823935656,0.0499961834570152,0.000783890850924112,0.0188556592823071,1.33981395108598
"125","Discovery Park","Discovery Park","PIWO",0.351397143589318,0.0887297910305482,7.48537131362569e-05,0.0280453283238354,1.10874135958924
"126","Discovery Park","Discovery Park","PUFI",1.00213202882916,0.0975497953228883,9.32290739631671e-25,0.22405066005812,0.889090588023984
"127","Discovery Park","Discovery Park","RBME",0.0618977874419821,0.14059937604387,0.659761653134801,8.61704863334884e-05,0.1335087743525
"128","Discovery Park","Discovery Park","RBNU",0.124598975167458,0.0340621482497178,0.000254201617467915,0.00432718561539474,0.807724671968373
"129","Discovery Park","Discovery Park","RBSA",0.604783626825698,0.288778233759779,0.0362346911406237,0.0308796573745772,0.773494870778206
"130","Discovery Park","Discovery Park","RCKI",-0.129815720888907,0.0373482974314937,0.000509306106115405,0.00684683719541121,0.923858307957395
"131","Discovery Park","Discovery Park","RECR",-0.0489928456130059,0.415368971172759,0.906107131496384,0.00168855446713545,19.2896882710513
"132","Discovery Park","Discovery Park","RHAU",-0.171098872837575,0.167840382107956,0.308006356280904,0.000279704521567582,0.0319582334428549
"133","Discovery Park","Discovery Park","RNGR",-0.317371538465821,0.126490415618262,0.0121054285601158,0.0012472393249901,0.111395485843396
"134","Discovery Park","Discovery Park","ROPI",-0.519210056268426,0.117194043916334,9.40824138914214e-06,0.0500169095635159,0.961774368622682
"135","Discovery Park","Discovery Park","RTHA",-0.190183148122511,0.107864747869028,0.0778729776799524,0.00586058930696289,0.604897752921578
"136","Discovery Park","Discovery Park","RTLO",-0.146698819607773,0.212716241919347,0.490417085766553,0.000242358730401599,0.0552886630441253
"137","Discovery Park","Discovery Park","RUHU",-0.214411317065042,0.0830520558395428,0.0098329328674182,0.00795670320635689,0.730109718273943
"138","Discovery Park","Discovery Park","RWBL",-0.9259320824851,0.105787723633711,2.08240299396259e-18,0.116638044542065,0.673848083087226
"139","Discovery Park","Discovery Park","SAND",-1.87102763632942,0.365203245848737,3.0031327567142e-07,0.0464353150014799,0.0161472778260977
"140","Discovery Park","Discovery Park","SAVS",-0.313491377626193,0.064783445781075,1.30450645471271e-06,0.00710013550713872,0.367054382317545
"141","Discovery Park","Discovery Park","SBIG",0.0683867155379253,0.0650128440834414,0.292847515067716,6.39278831868689e-05,0.112449967546895
"142","Discovery Park","Discovery Park","SOSP",-0.0945435726094547,0.015908962661518,2.80216864950251e-09,0.00840906230217908,1.07875872984713
"143","Discovery Park","Discovery Park","SPTO",-0.0909899734956611,0.0187896722730152,1.28181785031004e-06,0.00504573659121862,0.970170425450545
"144","Discovery Park","Discovery Park","SSHA",-0.765235377853069,0.62106084281832,0.21789590702766,0.0851238052183621,6.51897978888333
"145","Discovery Park","Discovery Park","STJA",-0.216557561568562,0.0530926934028811,4.52574526180782e-05,0.012437301619756,1.35957793123601
"146","Discovery Park","Discovery Park","SUSC",-0.0410884042554985,0.114094433622595,0.718752698840852,2.25322674542573e-05,0.133570310219905
"147","Discovery Park","Discovery Park","SWTH",0.145506410102341,0.0528724084254737,0.00592272456302281,0.00496626631260887,0.77981891555635
"148","Discovery Park","Discovery Park","TOWA",0.248211357616298,0.127731056820299,0.0519878680234386,0.0120447916607358,0.805797014325
"149","Discovery Park","Discovery Park","TRES",-0.987669771113906,0.196557093016754,5.03828008874307e-07,0.12789424671274,0.468919217397674
"150","Discovery Park","Discovery Park","VASW",-0.353475375469185,0.262185088032317,0.17759720452256,0.0183044410905659,0.594283739647351
"151","Discovery Park","Discovery Park","VATH",0.0741477685928872,0.049733992474742,0.13599113463865,0.00150961619882234,0.824227150295124
"152","Discovery Park","Discovery Park","VESC",-1.02673504574494,0.415509789318572,0.0134726428315095,0.0150139186665038,0.0711902784986433
"153","Discovery Park","Discovery Park","VGSW",-0.47375220811565,0.097368177838166,1.14124307517834e-06,0.0693903488259405,0.803449291550169
"154","Discovery Park","Discovery Park","WAVI",0.247621612770923,0.07281994812743,0.000672715910489228,0.0148414173776848,1.35545355188762
"155","Discovery Park","Discovery Park","WCSP",-0.333722698104147,0.0453928415570241,1.95439066379061e-13,0.0175180758309282,0.498726947576883
"156","Discovery Park","Discovery Park","WEFL",0.384851899701359,0.0364486795157069,4.62863695980089e-26,0.0331001194430536,0.728299870045366
"157","Discovery Park","Discovery Park","WEGR",-1.38816392086662,0.359040324489247,0.000110491036819994,0.0300655858649624,2.16266542626874
"158","Discovery Park","Discovery Park","WETA",0.225969667590221,0.144518057098369,0.117909529182401,0.010973040020872,2.44975211002237
"159","Discovery Park","Discovery Park","WEWP",-0.165376356095562,0.164921311314212,0.315977076634937,0.00656418114452032,4.67494181042383
"160","Discovery Park","Discovery Park","WIFL",-0.181882037964657,0.168686669205596,0.280933743781193,0.00393110986838934,0.466168071648083
"161","Discovery Park","Discovery Park","WIWA",0.252506332621579,0.0593972063744592,2.12677283857018e-05,0.0185098774574303,1.18412483704059
"162","Discovery Park","Discovery Park","YEWA",-0.0902744187554936,0.154990385533337,0.560262443592039,0.0014529015508788,0.829735221634079
"163","Discovery Park","Discovery Park","YRWA",-0.0217516428765802,0.073156175328424,0.766213356344497,0.000146878323505022,1.33319080875046
"164","Genesee Park","Genesee Park","AGOL",-0.829900943863755,0.342925804397526,0.0155179561485402,0.165331703837829,0.881278423811697
"165","Genesee Park","Genesee Park","AMCO",0.228268149633463,0.240472526909808,0.342494315437921,0.000446309435300556,0.114773952444042
"166","Genesee Park","Genesee Park","AMCR",0.241025623803438,0.0472874618937634,3.45023209739695e-07,0.132231729481318,1.28844760761672
"167","Genesee Park","Genesee Park","AMRO",-0.0297514543713697,0.098711864502809,0.763111823805351,0.000424149649641681,0.859331095104026
"168","Genesee Park","Genesee Park","AMWI",0.164728189005449,0.14927764548062,0.269809198312755,0.000753002952676564,0.262584611191211
"169","Genesee Park","Genesee Park","ANHU",0.406779103349977,0.0997143768040295,4.51437624120464e-05,0.039038496512037,0.784145032924606
"170","Genesee Park","Genesee Park","BAEA",0.104883965105544,0.174914514034474,0.548752944138656,0.00245758352317917,0.942037999965529
"171","Genesee Park","Genesee Park","BARS",-0.233377857842191,0.0964838268554842,0.0155705670608069,0.0247194611885629,0.739312316474754
"172","Genesee Park","Genesee Park","BCCH",0.45394366329962,0.111765439667792,4.87428513523814e-05,0.0477922984552563,0.603822855275842
"173","Genesee Park","Genesee Park","BEWR",0.158491303728857,0.0924961695169093,0.0866223476021637,0.00275394668947935,0.601660538993215
"174","Genesee Park","Genesee Park","BHCO",-0.164683662565494,0.407000707370809,0.68575137043471,NA,5.7463241892067
"175","Genesee Park","Genesee Park","BUFF",-0.128801291042658,0.123789675838658,0.298114666239891,0.000123187167845617,0.193606963523
"176","Genesee Park","Genesee Park","BUSH",-0.173126081104954,0.211903835980208,0.4139266828885,0.00787268427985388,0.625308057895346
"177","Genesee Park","Genesee Park","CAGU",-0.0705704756656722,0.145582234367896,0.62785619138047,8.74779497191438e-05,0.437057536205063
"178","Genesee Park","Genesee Park","CANG",0.262871938270823,0.125256199516627,0.035845641800045,0.00586379994694146,0.639113520312591
"179","Genesee Park","Genesee Park","CATE",0.416584190102072,0.277485512988837,0.133282466993074,0.0328016458663581,1.02605700515721
"180","Genesee Park","Genesee Park","CEDW",-0.614914368002257,0.278845822031496,0.0274391674075933,0.085147974541037,0.896810720210636
"181","Genesee Park","Genesee Park","COGO",-0.149836899718117,0.221780202104304,0.499288355567799,0.000231689274936091,0.178381950805067
"182","Genesee Park","Genesee Park","COME",-0.0455790147174564,0.16404480023368,0.781131405557164,1.75630882749589e-05,0.285919500792636
"183","Genesee Park","Genesee Park","DCCO",0.445424501878562,0.122889395609573,0.000289412683321308,0.0190209515510242,0.549754960893773
"184","Genesee Park","Genesee Park","DEJU",0.738081872139017,0.225613957475706,0.00107002385896809,0.161740222218151,0.876562393623933
"185","Genesee Park","Genesee Park","DOWO",-0.174263458483233,0.292165962004111,0.550872199727375,0.00769367699898277,3.25230565383256
"186","Genesee Park","Genesee Park","EUST",-0.510990694283382,0.136180584344694,0.000175218129498805,0.238947714299186,0.831654955622902
"187","Genesee Park","Genesee Park","GADW",-0.173857688437822,0.13277704251255,0.190400347513085,0.00641071591746082,0.403857505725153
"188","Genesee Park","Genesee Park","GBHE",0.0159623524655527,0.182941843846611,0.930469856927629,4.7383904864064e-05,0.743670015441968
"189","Genesee Park","Genesee Park","GCKI",0.792640490537422,0.356491987847719,0.0261857774498649,0.11814055574134,1.05715348186173
"190","Genesee Park","Genesee Park","GCSP",0.466859091007612,0.340659976068344,0.170544983436316,0.0559297439624489,0.788491569044909
"191","Genesee Park","Genesee Park","GWGU",0.296658010368455,0.093765636384382,0.00155710701101297,0.0222224103970373,0.43155360133296
"192","Genesee Park","Genesee Park","HOFI",0.577362093627883,0.160516776314837,0.000322037604351136,0.111611903011463,1.53758126090151
"193","Genesee Park","Genesee Park","HOGR",0.0846453437792307,0.50855752977731,0.867809106013614,7.48446158459132e-05,0.241691575302803
"194","Genesee Park","Genesee Park","HOME",-0.759550887013954,0.207152841083477,0.000245776974406827,0.00548438987387598,0.201594910991133
"195","Genesee Park","Genesee Park","HOSP",-1.32264507944595,0.34295865329956,0.000114987773298078,NA,0.8249526454508
"196","Genesee Park","Genesee Park","LESC",-1.33002338745221,0.350030388354891,0.000144849779294731,0.0176343742459905,0.155714164429354
"197","Genesee Park","Genesee Park","MALL",0.474077893207859,0.0992325583548784,1.77538336546326e-06,0.0376067183003512,0.75097761442366
"198","Genesee Park","Genesee Park","NOFL",-0.174429644011813,0.101452563437384,0.085555720799833,0.00764169306874376,0.811900333671579
"199","Genesee Park","Genesee Park","OSPR",0.1300559069756,0.199153072044609,0.513727303658506,0.00346127434686026,0.616714062718811
"200","Genesee Park","Genesee Park","PBGR",-0.446447975463946,0.273968515568498,0.103194646749789,0.00237919753066702,0.174905035420328
"201","Genesee Park","Genesee Park","RBGU",-0.392638472762222,0.135914716708918,0.00386642219043467,0.0255221528989105,0.697839175768716
"202","Genesee Park","Genesee Park","RCKI",0.250931982747172,0.195032037176788,0.198227014053057,0.0100727626637454,0.936787462541902
"203","Genesee Park","Genesee Park","RNDU",-0.275416728738186,0.0967198480875158,0.00440541313059237,0.000509974025330195,0.18955567970806
"204","Genesee Park","Genesee Park","ROPI",-0.13630218179105,0.184769178993315,0.460703487974926,0.0129914873134923,0.882743059141571
"205","Genesee Park","Genesee Park","SAVS",-0.554408056919727,0.133683478672588,3.3661073836876e-05,0.0741516907919452,0.861940495138091
"206","Genesee Park","Genesee Park","SBIG",-0.553944856422053,0.159006545339986,0.000494373678407394,0.0995239135185845,0.805909309444041
"207","Genesee Park","Genesee Park","SOSP",0.623538064786743,0.0747486154279317,7.3167593630581e-17,0.0920576249250511,0.923452804183206
"208","Genesee Park","Genesee Park","SPTO",0.560376046448315,0.198988064058532,0.00486061542357806,0.0513674974983717,0.56212626395667
"209","Genesee Park","Genesee Park","SSHA",-1.08205198473451,0.421534391359698,0.0102601420897432,0.240263215316372,0.781832815485993
"210","Genesee Park","Genesee Park","STJA",0.825480799500552,0.192162372471372,1.74106612562402e-05,0.147562727348009,1.07613043971651
"211","Genesee Park","Genesee Park","VASW",-0.906283003014275,0.266202899581467,0.000662896480266366,0.21599759142873,0.842125509613301
"212","Genesee Park","Genesee Park","VGSW",-0.370899607582943,0.154852672220919,0.0166123294582122,0.0829776288480104,0.664366919855148
"213","Genesee Park","Genesee Park","WCSP",-0.227157877988099,0.244998073710666,0.353831890069844,0.00983783161307642,1.89506242345576
"214","Golden Gardens Park","Golden Gardens Park","AGOL",-0.473818968291817,0.111180408856924,2.02866077979754e-05,0.0668321909278302,0.86980388998844
"215","Golden Gardens Park","Golden Gardens Park","AMCR",-0.102149008308858,0.0345488093722642,0.00310993006143473,0.0139056944253609,0.96194691655357
"216","Golden Gardens Park","Golden Gardens Park","AMRO",-0.337390304650154,0.057594667939718,4.68438424847354e-09,0.039334976931411,0.932582164600871
"217","Golden Gardens Park","Golden Gardens Park","AMWI",-0.320896099175676,0.066861708164167,1.59141469260401e-06,0.00890792152008626,0.242336873047595
"218","Golden Gardens Park","Golden Gardens Park","ANHU",0.249075122436307,0.0687925986470442,0.000293844006331825,0.0150887422306895,0.840587712258391
"219","Golden Gardens Park","Golden Gardens Park","BAEA",0.239318826297291,0.173478072663209,0.167730300767718,NA,1.03365472240963
"220","Golden Gardens Park","Golden Gardens Park","BAGO",-0.574735856124652,0.182547553851901,0.0016415722830643,0.0663640498052846,0.753805947420034
"221","Golden Gardens Park","Golden Gardens Park","BARS",-1.29069149192397,0.224297254255388,8.69606758823151e-09,0.306946749618332,0.573191467389287
"222","Golden Gardens Park","Golden Gardens Park","BCCH",-0.0242617468498017,0.0628092296179405,0.699291696841612,0.000152355392314222,0.892496782009948
"223","Golden Gardens Park","Golden Gardens Park","BEKI",0.189348463494511,0.122664945971666,0.122679627357978,0.00558369777951342,0.679285600525204
"224","Golden Gardens Park","Golden Gardens Park","BEWR",0.259887796350752,0.0740796015922376,0.00045110995724686,0.0152641345765673,0.836478642673238
"225","Golden Gardens Park","Golden Gardens Park","BRAN",-1.13018429810931,0.298350038418104,0.000151794502688099,0.0236341403256969,0.221528466651428
"226","Golden Gardens Park","Golden Gardens Park","BRCR",0.213966935356627,0.10581201444682,0.0431616676899711,0.00951183985704756,0.801114833640296
"227","Golden Gardens Park","Golden Gardens Park","BUFF",-0.470067945003743,0.117547268104344,6.36188654301573e-05,0.0322180386778347,0.344451527292886
"228","Golden Gardens Park","Golden Gardens Park","BUSH",-0.30982812553411,0.174321189912068,0.0755122200867669,0.0436281772913894,1.34104570732637
"229","Golden Gardens Park","Golden Gardens Park","CAGU",-0.164765656341339,0.133500822001217,0.217131340319084,0.00560905730558706,1.4445600050766
"230","Golden Gardens Park","Golden Gardens Park","CANG",-0.161173180679088,0.140405492552154,0.251004802938946,0.00341397647092536,1.06165927101367
"231","Golden Gardens Park","Golden Gardens Park","CATE",0.216627444160633,0.171356384895209,0.206160968197532,0.0155771083191014,2.22134285237114
"232","Golden Gardens Park","Golden Gardens Park","CBCH",0.345760729013192,0.122379283808036,0.00472333086076889,0.0176976462299952,0.727954933064727
"233","Golden Gardens Park","Golden Gardens Park","COGO",-0.251512248890351,0.163576987557641,0.124152022194834,0.0125921317064425,0.690769897670368
"234","Golden Gardens Park","Golden Gardens Park","DCCO",-0.311610935233076,0.128741971731102,0.0155021621105196,0.0167088075835498,0.749642055885359
"235","Golden Gardens Park","Golden Gardens Park","DEJU",1.21487521164854,0.158521297939928,1.80513683748412e-14,0.30997606436594,0.452836579900544
"236","Golden Gardens Park","Golden Gardens Park","DOWO",0.240771440329241,0.183520744341279,0.18953443178209,0.0122050185258336,0.781422816583784
"237","Golden Gardens Park","Golden Gardens Park","EUST",-0.923756209641052,0.151779416344262,1.15639469720371e-09,0.191209416216349,0.694791540066196
"238","Golden Gardens Park","Golden Gardens Park","EUWI",-0.151782380026457,NA,NA,0.000286224130653264,0.129791552513209
"239","Golden Gardens Park","Golden Gardens Park","GADW",-0.78528204437395,0.196983139978403,6.70425710454852e-05,0.0139841713639597,0.187997353553523
"240","Golden Gardens Park","Golden Gardens Park","GBHE",-0.0584044920975139,0.102241026439469,0.567834791786169,0.000720665674492413,0.704306472457599
"241","Golden Gardens Park","Golden Gardens Park","GCKI",0.047362946073577,0.0973926710150146,0.626747999943327,0.000493937513856448,0.60444857121715
"242","Golden Gardens Park","Golden Gardens Park","GCSP",-0.780061576683442,0.284883460387055,0.00617806583350228,0.0710906716951559,0.508754109675584
"243","Golden Gardens Park","Golden Gardens Park","GWGU",-0.370466954783439,0.0511076352404413,4.20606062381674e-13,0.0665381520231535,0.85545928402668
"244","Golden Gardens Park","Golden Gardens Park","HEEG",-0.501689397480876,0.274550539759077,0.067652925863075,0.108533849518502,0.893711804948435
"245","Golden Gardens Park","Golden Gardens Park","HOFI",0.190447824778927,0.164477023633306,0.24690514750787,0.0162974997611897,1.19528184498201
"246","Golden Gardens Park","Golden Gardens Park","HOGR",-0.6075525163726,0.111051153979223,4.4769315341367e-08,0.0546672724610791,0.553516795161163
"247","Golden Gardens Park","Golden Gardens Park","HOME",-1.51836041883115,0.427086275381465,0.000377747879241193,0.291729686004193,0.272499985869323
"248","Golden Gardens Park","Golden Gardens Park","MALL",-0.122334283899162,0.0403923589147637,0.00245649777247722,0.00122845742360175,0.404757013347141
"249","Golden Gardens Park","Golden Gardens Park","NOFL",0.0284133193567987,0.111063301918496,0.798082143881335,0.000186609499727535,0.890094988865522
"250","Golden Gardens Park","Golden Gardens Park","NSHO",-0.201630558124887,0.191183030120479,0.291586921906394,0.00131210300129739,0.152244016962367
"251","Golden Gardens Park","Golden Gardens Park","OCWA",-0.0342968622739945,0.193673538843334,0.859440879173485,0.000270014143178162,0.777836432270621
"252","Golden Gardens Park","Golden Gardens Park","OSPR",0.254200594035917,0.212862012864683,0.232398313237538,0.0134279854402995,0.804858343228787
"253","Golden Gardens Park","Golden Gardens Park","PAWR",-0.49571796748996,0.0834857411695181,2.88949498966522e-09,0.0411093899039282,0.823893017269104
"254","Golden Gardens Park","Golden Gardens Park","PISI",-0.0323250582029675,0.178288566617903,0.856126202225745,0.000703368241368306,1.42074024306542
"255","Golden Gardens Park","Golden Gardens Park","RBGU",-0.609673613224994,0.236321460792326,0.00988436110854945,0.0594649998851647,1.45867225940766
"256","Golden Gardens Park","Golden Gardens Park","RBME",-0.872319362389775,0.169152020497968,2.50918854466253e-07,0.118046360376256,0.676199457750227
"257","Golden Gardens Park","Golden Gardens Park","RBNU",-0.033075189233891,0.159367838328549,0.83558821562382,0.000148712579103277,0.997910609600191
"258","Golden Gardens Park","Golden Gardens Park","RCKI",0.10512133181206,0.174386335644644,0.546636982730227,0.00314727007724402,1.08328967296609
"259","Golden Gardens Park","Golden Gardens Park","RNGR",-1.11325801171596,0.22293304864202,5.92371743147055e-07,0.191196137831624,0.52556875906548
"260","Golden Gardens Park","Golden Gardens Park","ROPI",0.0659925290835078,0.0896777481895637,0.461800555207388,0.00124698728649672,0.624140033817098
"261","Golden Gardens Park","Golden Gardens Park","RWBL",-1.62234320013042,0.244582554404221,3.28684732731834e-11,0.172611110957589,0.488937022761173
"262","Golden Gardens Park","Golden Gardens Park","SBIG",0.366656598132119,0.561921222059693,0.514075229040387,0.0260694543323869,1.28087707057818
"263","Golden Gardens Park","Golden Gardens Park","SOSP",0.405195614375256,0.0418434385035594,3.53984652459875e-22,0.0628700899348173,0.982369531314562
"264","Golden Gardens Park","Golden Gardens Park","SPTO",0.029504818473147,0.0857349405123291,0.730741037040736,0.000265925792675741,0.840018800268731
"265","Golden Gardens Park","Golden Gardens Park","STJA",0.26789307779014,0.251401336088843,0.286604833710009,0.0036235598155211,0.335689684907915
"266","Golden Gardens Park","Golden Gardens Park","SUSC",-0.890283032099677,0.372923156840463,0.0169721916521171,0.131657592001786,1.29548924472628
"267","Golden Gardens Park","Golden Gardens Park","VATH",-0.326918966666774,0.328098575260875,0.319053544068288,0.00846294738772005,0.337141556342877
"268","Golden Gardens Park","Golden Gardens Park","VGSW",-1.23196971508847,0.303194102420252,4.83830148006695e-05,0.249059486896267,0.463313945129181
"269","Golden Gardens Park","Golden Gardens Park","WAVI",0.652270898599418,0.31970828233142,0.0413297679578472,NA,5.46664511485147
"270","Golden Gardens Park","Golden Gardens Park","WCSP",-0.323453109105344,0.124723502307412,0.00950428554875586,0.0246588863233182,0.923854768235586
"271","Golden Gardens Park","Golden Gardens Park","WEFL",0.987642215406633,0.235512657407494,2.74580799745317e-05,0.110708695720152,0.43181413969708
"272","Golden Gardens Park","Golden Gardens Park","WEGU",-0.456066086975753,0.207216613842231,0.0277420646121297,0.00796475038614247,0.403221188566888
"273","Golden Gardens Park","Golden Gardens Park","WIWA",0.00958021964905349,0.210448761582707,0.963690591489275,2.38362924534591e-05,1.23002245158585
"274","Golden Gardens Park","Golden Gardens Park","YRWA",0.306626809755883,0.209820954696541,0.143912933992885,0.0238162133914997,0.792550882493048
"275","Lincoln Park","Lincoln Park","AGOL",-0.0256155829067145,0.171889846853666,0.881535290240063,NA,2.50250491871124
"276","Lincoln Park","Lincoln Park","AMCR",0.0222740796264654,0.0518890834574317,0.667731615655246,0.00055624709946945,0.889752424276171
"277","Lincoln Park","Lincoln Park","AMRO",-0.311610248768699,0.086117024160363,0.000296371377381341,0.105206193630299,1.10712054658655
"278","Lincoln Park","Lincoln Park","ANHU",-0.0430442367932987,0.0741197542715903,0.561416328861227,0.00151407715074636,1.04467512946071
"279","Lincoln Park","Lincoln Park","BCCH",-0.0454093646145222,0.0652890668698104,0.486734156402979,0.00360998534655696,0.980706857131636
"280","Lincoln Park","Lincoln Park","BEWR",0.264664891200793,0.0975505765818279,0.00666561180473522,NA,0.984905269782591
"281","Lincoln Park","Lincoln Park","BRCR",0.161885836265581,0.116465382871059,0.164531604425756,0.0184453019344254,1.22908798929214
"282","Lincoln Park","Lincoln Park","BTPI",0.35472048530865,0.523034372661992,0.497646621270495,0.0354411960460515,2.61312634271594
"283","Lincoln Park","Lincoln Park","BUSH",0.13752117740149,0.326932580978628,0.674017407261697,0.018476727328685,3.37962525121005
"284","Lincoln Park","Lincoln Park","CATE",-0.270580969813029,0.301897146342165,0.370109259482069,NA,2.11472584227975
"285","Lincoln Park","Lincoln Park","CBCH",0.0972243301740052,0.0892205594564282,0.275841925465778,0.0106264874590792,1.06285759607876
"286","Lincoln Park","Lincoln Park","COHA",-0.12244122087897,0.28530656083365,0.667809194917816,0.00360467319193529,1.10614412110647
"287","Lincoln Park","Lincoln Park","CORA",-0.473239124324046,0.237001347993542,0.0458492830768789,0.0669257570124183,0.707310605504764
"288","Lincoln Park","Lincoln Park","DEJU",0.0818403102955007,0.0576873427117821,0.1559901517667,0.00859232630737509,0.860541784341507
"289","Lincoln Park","Lincoln Park","DOWO",-0.152623471747215,0.190386080020443,0.422754015608501,NA,0.831051112850409
"290","Lincoln Park","Lincoln Park","GCKI",-0.0460226536100065,0.0898800449636131,0.608619313518696,0.00349044810776587,1.24800870573944
"291","Lincoln Park","Lincoln Park","GWGU",-0.915539132567894,0.278423668583986,0.00100796193218021,0.102569690583982,0.333638353748503
"292","Lincoln Park","Lincoln Park","HOFI",0.854030894377395,0.164489448049763,2.08035587619714e-07,0.251508542107332,0.913754382008995
"293","Lincoln Park","Lincoln Park","HUVI",0.208635053942112,0.292119484276724,0.475096493821056,0.0116884649009785,1.00846357980032
"294","Lincoln Park","Lincoln Park","NOFL",-0.304907697667597,0.127436318464754,0.0167281942094484,NA,1.5567682669672
"295","Lincoln Park","Lincoln Park","OCWA",0.029069974548921,0.306146666667463,0.924351042824397,NA,1.03289190297481
"296","Lincoln Park","Lincoln Park","PAWR",0.00647362368005595,0.119544610306832,0.956813770122475,1.43282539272338e-05,0.99192300947715
"297","Lincoln Park","Lincoln Park","PISI",0.65013438026986,0.257822376445696,0.011681026154674,0.303998287655875,1.33023750559721
"298","Lincoln Park","Lincoln Park","PUFI",0.548561878346192,0.143141805485628,0.000126952464957529,0.0566513110362137,0.653351851656863
"299","Lincoln Park","Lincoln Park","RBNU",0.116976844669214,0.0670443281936979,0.0810251409902843,0.0122184580755442,0.905900230223084
"300","Lincoln Park","Lincoln Park","RCKI",-0.531311765295366,0.205290809668198,0.00965088417696707,0.136220295442171,1.29361418836091
"301","Lincoln Park","Lincoln Park","SOSP",-0.0269430821484332,0.0697872333352215,0.699441378596281,0.000568092720297551,0.83084346569477
"302","Lincoln Park","Lincoln Park","SPTO",0.217992006035287,0.0760573781817795,0.00415494705540912,0.0331924479681003,0.83729269678699
"303","Lincoln Park","Lincoln Park","STJA",0.21646857902119,0.136086837110238,0.111684970682354,0.0196072316644335,0.770385959136946
"304","Lincoln Park","Lincoln Park","VATH",-0.202697924762068,0.216425433926736,0.348978942944552,NA,1.55589545107906
"305","Lincoln Park","Lincoln Park","WEFL",0.12865690059734,0.153347869452484,0.401476488887239,0.00637301521733757,0.72126782548995
"306","Lincoln Park","Lincoln Park","WETA",0.175362988843561,0.242291992410864,0.469208689799567,0.00899018933060849,1.01162138548394
"307","Lincoln Park","Lincoln Park","WIWA",-0.00936890069203645,0.217838624984861,0.965694801323741,1.86415732137336e-05,0.584940032580874
"308","Magnuson Park","Magnuson Park","AGOL",-0.252548659489687,0.044676840488823,1.57866966072012e-08,0.0208465806463158,0.780186336690203
"309","Magnuson Park","Magnuson Park","AMCO",-0.364864815720692,0.18360662081636,0.0468991888088314,0.00535284310153792,0.393359028400158
"310","Magnuson Park","Magnuson Park","AMCR",0.0935779219881235,0.0305167214326106,0.00216618896625087,0.00821895607508702,1.16701558999709
"311","Magnuson Park","Magnuson Park","AMRO",-0.164723926483718,0.0439021612513708,0.000175381363825339,0.0122892671227731,1.17114157202398
"312","Magnuson Park","Magnuson Park","AMWI",-0.0490314489575465,0.110448122379623,0.657091793212581,0.000241695401782704,0.227507199303085
"313","Magnuson Park","Magnuson Park","ANHU",0.106432554498198,0.0304820187260269,0.000480046021095918,0.00278041448040609,0.793234825506824
"314","Magnuson Park","Magnuson Park","BAEA",-0.201876430179482,0.122438004730712,0.0991875303946248,0.00848363335526739,0.809872785775072
"315","Magnuson Park","Magnuson Park","BARS",-0.528620024504653,0.0778052711799055,1.08959377080864e-11,0.126772012190965,1.36740101354569
"316","Magnuson Park","Magnuson Park","BCCH",0.18036330983027,0.0270207340927228,2.47237795259131e-11,0.0122483973692207,0.907619749550646
"317","Magnuson Park","Magnuson Park","BEKI",-0.297120497127144,0.193016327319564,0.123717844952223,0.0139759698186069,0.685627022377974
"318","Magnuson Park","Magnuson Park","BEWR",0.114969954764807,0.0347220302299405,0.000929123910767818,0.00296288241047024,0.718714771834145
"319","Magnuson Park","Magnuson Park","BHCO",-0.580239549898439,0.0829347288398832,2.62735746384475e-12,0.083695946940144,0.731798224092953
"320","Magnuson Park","Magnuson Park","BHGR",-0.782465756787498,0.385736510715279,0.0425094429205517,0.103144474743485,1.24391545382466
"321","Magnuson Park","Magnuson Park","BRCR",1.40140515876459,0.303079083479425,3.76604749386516e-06,0.195904693798057,0.363612578083013
"322","Magnuson Park","Magnuson Park","BTPI",0.264287002379326,0.379257803503883,0.485894687747912,0.00216139475728146,0.79265525906603
"323","Magnuson Park","Magnuson Park","BUFF",-0.0858527792710568,0.0689415172903924,0.213021987144043,0.000136344902878372,0.28505577535628
"324","Magnuson Park","Magnuson Park","BUOR",-1.36277871013039,0.352574506017991,0.000110988236767697,0.219543474885705,0.545897030620096
"325","Magnuson Park","Magnuson Park","BUSH",-0.201107232114399,0.0789601408132787,0.0108670179433244,0.0160209495566038,0.836182851941616
"326","Magnuson Park","Magnuson Park","CAGU",0.235770817685758,0.105179953180565,0.0249875836983714,0.00847561433287152,1.04824407883308
"327","Magnuson Park","Magnuson Park","CANG",0.040609142794172,0.109963796321154,0.711907427509944,0.000647162902621568,0.621800248881283
"328","Magnuson Park","Magnuson Park","CAQU",-1.49186342167278,0.283556082770614,1.43068406823744e-07,0.287882123270361,0.695618199908168
"329","Magnuson Park","Magnuson Park","CATE",0.392856534004462,0.24621763005575,0.110585673770953,0.0106411278907666,0.683642374633168
"330","Magnuson Park","Magnuson Park","CBCH",0.751631451740486,0.196408862483386,0.000129782291759094,0.074108603429774,0.369256305143036
"331","Magnuson Park","Magnuson Park","CEDW",-0.197121683254776,0.078633937568875,0.0121820295119201,0.0140398289919378,0.748175722086499
"332","Magnuson Park","Magnuson Park","CLSW",-0.777299123928345,0.104936540656991,1.28871789831857e-13,0.157334878148763,0.73613753294383
"333","Magnuson Park","Magnuson Park","COGO",0.0448312820986039,0.0782425298331094,0.566659297137238,7.10119098658062e-05,0.282125587646176
"334","Magnuson Park","Magnuson Park","COHA",0.508937657389226,0.117466926392273,1.47356117615361e-05,0.0520424990513181,0.822857576498893
"335","Magnuson Park","Magnuson Park","COME",-0.106821632173133,0.120855067392697,0.376759854641248,0.000178486655191804,0.359680493938969
"336","Magnuson Park","Magnuson Park","COYE",0.577783041881008,0.129885955523879,8.65174025056866e-06,0.0384108542244417,0.45666145248972
"337","Magnuson Park","Magnuson Park","DCCO",-0.208184574394132,0.0852788272955476,0.014637641502057,0.00500983577614765,0.662811059934964
"338","Magnuson Park","Magnuson Park","DEJU",0.761859048569106,0.0792563906391539,7.07478339658841e-22,0.13726697150003,1.11852721175672
"339","Magnuson Park","Magnuson Park","DOWO",0.325100270129415,0.0907598351296134,0.000340994784565554,0.0200642478390743,0.653418099738411
"340","Magnuson Park","Magnuson Park","EUST",-0.542235211128601,0.0694722890173684,5.94744178002929e-15,0.189168555611566,0.897206003962811
"341","Magnuson Park","Magnuson Park","EUWI",-0.587961172989705,0.306836338839631,0.0553390709247107,0.00573238881376134,0.137326482683371
"342","Magnuson Park","Magnuson Park","FOSP",-0.0580210150197437,0.0661338605082814,0.380309103722034,0.000655802310447121,0.643717436274701
"343","Magnuson Park","Magnuson Park","GADW",-0.157405696519755,0.078973055944099,0.0462442618235652,0.00474820291276991,1.39450477404676
"344","Magnuson Park","Magnuson Park","GBHE",-0.0404288346972254,0.172768490062247,0.814980449109513,0.000326632520364347,1.37623419404066
"345","Magnuson Park","Magnuson Park","GCKI",0.182600009802974,0.103935257638326,0.0789411615301438,0.00628762536254322,0.65780488233926
"346","Magnuson Park","Magnuson Park","GCSP",-0.391215693543496,0.104129857067556,0.000171963680452996,0.0418349071934622,0.73193392544629
"347","Magnuson Park","Magnuson Park","GRSC",-0.0624980203562438,0.143175232377684,0.662463707274853,8.31995474250483e-05,0.231212145995487
"348","Magnuson Park","Magnuson Park","GWGU",-0.000266690008218337,0.0690730807907044,0.996919388726188,1.70994315936014e-08,0.80200391035044
"349","Magnuson Park","Magnuson Park","GWTE",-0.204028298008228,0.281744301734301,0.468966761944138,0.00165513075838632,0.336600082533275
"350","Magnuson Park","Magnuson Park","HETH",0.713597504571354,0.305894382864272,0.0196574279673619,0.0762616544627952,0.771700230033923
"351","Magnuson Park","Magnuson Park","HOFI",-0.288115924739163,0.0440194336613166,5.94164711409371e-11,0.0225389596084517,0.669449402430912
"352","Magnuson Park","Magnuson Park","HOGR",-0.199190354914964,0.163424614550712,0.222900518012299,0.000607515613601278,0.348873781811744
"353","Magnuson Park","Magnuson Park","HOSP",-2.07081289661625,0.36914240548883,2.02567450570767e-08,0.389213989543921,0.342105024906508
"354","Magnuson Park","Magnuson Park","KILL",-0.546699065047525,0.189602260236284,0.00393408140570211,0.0630932046092034,1.1168755850489
"355","Magnuson Park","Magnuson Park","LESC",-0.511778491735301,0.17931589817464,0.00431642574768821,0.00403529881259512,0.260910504676361
"356","Magnuson Park","Magnuson Park","LISP",-0.633176238104286,0.202314843571893,0.00175010017158285,0.0516206072802003,1.05465672679889
"357","Magnuson Park","Magnuson Park","MALL",-0.0888580349755694,0.0553756295960412,0.108572716411025,0.00193770188541761,0.696928389790056
"358","Magnuson Park","Magnuson Park","MAWR",1.79114303873706,0.807981998278772,0.0266360385264258,0.0272219419935471,0.181210170693757
"359","Magnuson Park","Magnuson Park","NOFL",-0.306392654840803,0.0581445711275222,1.36797956333065e-07,0.0273380476007715,0.889674553385379
"360","Magnuson Park","Magnuson Park","NSHO",-0.544314029489623,0.284642259061005,0.0558410416783771,0.0107906300421955,0.206598012211251
"361","Magnuson Park","Magnuson Park","OCWA",-0.425228980000904,0.157994969154137,0.00711510440258551,0.0300612076829632,0.652068235517489
"362","Magnuson Park","Magnuson Park","OSPR",1.02939406671023,0.219737470471138,2.80432961152366e-06,0.183842037678341,0.798168047667817
"363","Magnuson Park","Magnuson Park","PAWR",0.106913687614561,0.0829680307439332,0.197532642316022,0.00206295052298963,0.670512097671731
"364","Magnuson Park","Magnuson Park","PBGR",-0.182033054468726,0.197289160056159,0.35617850368204,0.000939084403978823,0.383186426892174
"365","Magnuson Park","Magnuson Park","PISI",0.313121484192218,0.212221086543677,0.140091750654547,0.0291880917272832,2.05430004230337
"366","Magnuson Park","Magnuson Park","RBGU",0.0641275965775235,0.0987449989246648,0.516062886964847,0.000796778624401691,0.59644571418684
"367","Magnuson Park","Magnuson Park","RBNU",1.12123015067551,0.0510571431714328,6.90426594918741e-107,0.137021277984119,0.358189726078792
"368","Magnuson Park","Magnuson Park","RCKI",-0.0698876542756065,0.04721265365502,0.13880019206274,0.00111801688610787,0.742490488713028
"369","Magnuson Park","Magnuson Park","RNDU",-0.254702657180431,0.36915497387285,0.490218505083157,0.00147786216003339,0.965376042774279
"370","Magnuson Park","Magnuson Park","RNGR",-0.448394449385586,0.245980274401023,0.0683203810532538,0.00694499450198316,0.186121644898349
"371","Magnuson Park","Magnuson Park","ROPI",-0.71492728131305,0.172140621162449,3.27917461156885e-05,0.150775471403993,0.606865714735997
"372","Magnuson Park","Magnuson Park","RTHA",-0.732452543058071,0.184891209677471,7.44702312689962e-05,0.0949798326202641,0.98381787929418
"373","Magnuson Park","Magnuson Park","RUHU",-0.654142064296883,0.27200662537075,0.0161779770599518,0.0638564803951999,0.712983354620097
"374","Magnuson Park","Magnuson Park","RWBL",-0.605360608273319,0.0795278532246029,2.70028697200047e-14,0.104477636308385,0.753027044686559
"375","Magnuson Park","Magnuson Park","SAVS",-0.362135166456968,0.0661524015405227,4.39354089921467e-08,0.0285707542499203,0.50297187509351
"376","Magnuson Park","Magnuson Park","SBIG",0.444246817195986,0.123594928055371,0.000325168204836832,0.0675570908806676,1.36726123973922
"377","Magnuson Park","Magnuson Park","SOSP",0.0666214788006511,0.0315207505037481,0.0345515597779935,0.00154196413246966,0.813159766205228
"378","Magnuson Park","Magnuson Park","SPSA",-0.559972462456265,0.33025663375762,0.0899677896721562,0.0108974056558166,0.3299074960168
"379","Magnuson Park","Magnuson Park","SPTO",0.164254520749491,0.0264568148047181,5.35263579148471e-10,0.00540189958124523,0.732838808414895
"380","Magnuson Park","Magnuson Park","STJA",-0.330520064099682,0.145227822211674,0.0228536182410622,0.0195884510921249,0.587630556483482
"381","Magnuson Park","Magnuson Park","TRES",-0.0376343394131878,0.0806627761174193,0.640811919959797,0.00050019079225933,0.939398286429522
"382","Magnuson Park","Magnuson Park","VASW",-0.69684885678682,0.126316765432668,3.45468564533111e-08,0.119171867958658,0.788519951303239
"383","Magnuson Park","Magnuson Park","VATH",0.45457270174914,0.285801292923062,0.111717617999158,0.0343477058190607,1.22724486010436
"384","Magnuson Park","Magnuson Park","VGSW",-0.0578291407605093,0.0775488844885024,0.455841354018103,0.00244582122675848,1.05204372706145
"385","Magnuson Park","Magnuson Park","WAVI",0.170494546812241,0.190453752976678,0.370679210553868,0.00593118758920111,1.72272515927522
"386","Magnuson Park","Magnuson Park","WCSP",-0.253646350439451,0.131045021736956,0.0529208200342316,0.0124552449162311,0.648699676241006
"387","Magnuson Park","Magnuson Park","WEFL",1.28147444714496,0.291315061486934,1.08786105464836e-05,0.0409259351769323,0.141756347440013
"388","Magnuson Park","Magnuson Park","WEGR",-0.347553789231117,0.188764768149103,0.0655921792244787,0.00384642006432917,0.357186899047893
"389","Magnuson Park","Magnuson Park","WEWP",-0.015787555556616,0.248454443248667,0.949334071703101,4.022189504351e-05,1.53320453729773
"390","Magnuson Park","Magnuson Park","WIFL",-0.641173815743514,0.177716685173832,0.000308753774171045,0.0567773721051228,0.497865075133863
"391","Magnuson Park","Magnuson Park","WIWA",0.068606579074372,0.122563224152853,0.57563987386849,0.00103485995080593,0.953338391604772
"392","Magnuson Park","Magnuson Park","YEWA",-0.336570706870756,0.220919000708137,0.127632971221259,0.0227832806362965,1.51581235754977
"393","Magnuson Park","Magnuson Park","YRWA",0.191913100221879,0.0766580603551274,0.0122973284610523,0.0111608838381953,0.77319674220717
"394","Seward Park","Seward Park","AGOL",-0.4551855575393,0.256396046897706,0.0758447253533479,NA,5.08675056597986
"395","Seward Park","Seward Park","AMCO",-0.603542379163966,0.219443804491459,0.00595356881355778,NA,0.67280107541061
"396","Seward Park","Seward Park","AMCR",-0.11474295560328,0.0278616950260891,3.81669474898435e-05,0.0384819856438597,0.993264248293026
"397","Seward Park","Seward Park","AMRO",-0.0653692141864734,0.0435911172727029,0.133718197989892,0.00761622925430771,1.92374133333543
"398","Seward Park","Seward Park","AMWI",-0.128320939765285,0.308827001729661,0.677768045694436,0.00461805668012081,1.04040927932649
"399","Seward Park","Seward Park","ANHU",0.30476139891447,0.0460654348657109,3.69455803202352e-11,0.0439505168591285,0.950276435870982
"400","Seward Park","Seward Park","BAEA",0.0569608595912695,0.0568716776920413,0.316552222190781,0.00141322446319919,0.961497861290356
"401","Seward Park","Seward Park","BAOW",0.142944781344423,0.273206580259848,0.600827189839809,0.0039634965254211,2.01021906659814
"402","Seward Park","Seward Park","BARS",-1.17779273855616,0.272331464834571,1.52635678956193e-05,NA,5.09430959711474
"403","Seward Park","Seward Park","BCCH",0.137564581312755,0.0499815227009466,0.00591767034322723,0.0195543823928334,1.14970604534274
"404","Seward Park","Seward Park","BEKI",-0.604925321580284,0.286442662692434,0.0346989024619721,0.0582904538917658,3.62299618364376
"405","Seward Park","Seward Park","BEWR",-0.0530724299586322,0.0438250775891671,0.225893122244503,0.00204135901583921,0.936472439010786
"406","Seward Park","Seward Park","BHCO",-1.13209486477467,0.48616369940965,0.0198787310416851,0.279799966542171,4.82609710316403
"407","Seward Park","Seward Park","BHGR",0.547319589157636,0.427741999353467,0.200701540584515,0.0903962042147451,9.63589704380494
"408","Seward Park","Seward Park","BRCR",0.190007506977207,0.0577708999906814,0.00100550102802863,0.0229232062114299,0.98928241390857
"409","Seward Park","Seward Park","BTPI",-0.348889031216908,0.150933291589525,0.0208027940688903,0.0347746934608639,1.0128598282627
"410","Seward Park","Seward Park","BTYW",0.761013518578426,0.19828178762973,0.000124020063013925,0.110793694278798,0.722187079834119
"411","Seward Park","Seward Park","BUFF",-0.3715694624309,0.0994132031472181,0.000185765335152963,0.0250447379013794,1.06966327191123
"412","Seward Park","Seward Park","BUSH",-0.597585926894816,0.147191781111692,4.90908593519222e-05,0.146831768104767,1.72407018885978
"413","Seward Park","Seward Park","CANG",-0.023899748774661,0.133873624057992,0.858310923784773,0.000206318032616274,0.752549886616036
"414","Seward Park","Seward Park","CATE",0.636189205010655,0.330281860204849,0.0540792977973622,0.0588449611533313,0.621139356502142
"415","Seward Park","Seward Park","CBCH",0.0687616985600673,0.043710031733231,0.115687997582384,0.0119658272711874,1.10537261082815
"416","Seward Park","Seward Park","CEDW",0.0307259029293408,0.244977580038155,0.900188422300198,0.00032563370129614,3.27814374403072
"417","Seward Park","Seward Park","COGO",-0.395605595048711,0.185447293577743,0.0329041544815466,0.0194849738852033,0.637466580792689
"418","Seward Park","Seward Park","COHA",-0.0694370329154241,0.235578784306558,0.768184260555367,0.00134411857618892,4.57135512963865
"419","Seward Park","Seward Park","COLO",-0.332792368343925,0.272688565085543,0.222308770529861,0.0176425254531382,0.557185704391518
"420","Seward Park","Seward Park","COME",-0.138810909630526,0.0920893982975519,0.131721092605739,0.00544565397945496,0.785358887152137
"421","Seward Park","Seward Park","DCCO",-0.159325240103501,0.119034963717032,0.18074187161506,0.00510518819623114,0.784943172724892
"422","Seward Park","Seward Park","DEJU",0.741901824144223,0.0508803625259581,3.6941511720418e-48,0.38327492607274,0.796360690246853
"423","Seward Park","Seward Park","DOWO",-0.352108821635518,0.0995732464303271,0.000405959545444232,0.0415009019694909,1.54943550252115
"424","Seward Park","Seward Park","EUST",-1.0364239821296,0.147944819719492,2.46146360444432e-12,0.291420686857178,1.18675847683905
"425","Seward Park","Seward Park","EVGR",-1.43106452494208,0.617392332659195,0.0204538022910813,NA,18.4156628842305
"426","Seward Park","Seward Park","FOSP",0.0375341748470882,0.346202182924003,0.913664978933473,0.000213661009592192,0.822258681645177
"427","Seward Park","Seward Park","GADW",-0.583885281930793,0.115057255236123,3.88032822556954e-07,0.0734020765113758,0.691272432847039
"428","Seward Park","Seward Park","GBHE",-0.191264464302019,0.174076342315917,0.271881931123458,0.00710279062190561,0.690896910724677
"429","Seward Park","Seward Park","GCKI",-0.209402198840017,0.0372471928739043,1.88803856168478e-08,0.151901250867054,1.0201644134236
"430","Seward Park","Seward Park","GWGU",-0.544614800758732,0.105121633378183,2.20929041995821e-07,0.0984099417859103,1.02390150658119
"431","Seward Park","Seward Park","HETH",0.352370548665268,0.327508379112763,0.28196613188054,NA,0.955274131216705
"432","Seward Park","Seward Park","HOFI",-0.099004054747692,0.124906667827241,0.427996771866679,0.00386334664437587,1.43758586008216
"433","Seward Park","Seward Park","HOGR",0.132189590135731,0.137435442322832,0.336134791321905,0.00221471240893129,0.267817230340917
"434","Seward Park","Seward Park","HOME",-0.070412467565595,0.304453683791404,0.817101315726956,0.000400628454483223,1.40352551516899
"435","Seward Park","Seward Park","HUVI",-0.0638092723705722,0.102236332132228,0.532538935031941,0.000970221093031072,0.765599169623554
"436","Seward Park","Seward Park","LESC",-1.13319837834049,0.189479587279291,2.22340543194822e-09,0.144369253755434,1.97330914830928
"437","Seward Park","Seward Park","MALL",-0.291875850346323,0.0851107336406907,0.000604993243809987,0.0233029028105357,0.969085513488405
"438","Seward Park","Seward Park","MERL",-0.311663282702503,0.217080347289911,0.151086377023718,0.018763953450126,0.796844840782236
"439","Seward Park","Seward Park","NOFL",-0.0657244683622981,0.0417693055277443,0.115600506437684,0.00292400072762844,0.982401615211213
"440","Seward Park","Seward Park","OCWA",-0.278590351752649,0.236963736141048,0.239728127429608,NA,2.04001881191624
"441","Seward Park","Seward Park","OSPR",1.07919001222342,0.286855824375628,0.000168469828229145,0.162288086042452,0.564985487695258
"442","Seward Park","Seward Park","PAWR",-0.177977935034434,0.0417238980320893,1.99355511842054e-05,0.0199914275969895,0.876059757112541
"443","Seward Park","Seward Park","PBGR",-0.351366293785285,0.13652234524877,0.0100620171894036,0.0204923295735631,0.583054095211151
"444","Seward Park","Seward Park","PISI",-0.311910744598271,0.0856302058317985,0.000269969653241272,0.106376914726511,1.6241636460129
"445","Seward Park","Seward Park","PIWO",0.150999294101627,0.0974091412587641,0.121104251826294,0.00678125627181622,0.917978517490505
"446","Seward Park","Seward Park","PUFI",1.02281969315254,0.0990448505179449,5.32907190999883e-25,0.248773799130956,2.84961451261096
"447","Seward Park","Seward Park","RBGU",-0.599636728924541,0.176418342148178,0.000676456354908405,0.053038049657477,0.870372919067763
"448","Seward Park","Seward Park","RBNU",0.190540652561828,0.0411451206226532,3.64006463201097e-06,0.0389958620573633,0.951971728235703
"449","Seward Park","Seward Park","RBSA",-0.0731703687942976,0.223447468947745,0.743319110049748,0.000976561891499188,0.99216247727428
"450","Seward Park","Seward Park","RCKI",-0.341469333533477,0.0677430632063092,4.63943932448028e-07,0.0609775357368168,1.04525295264676
"451","Seward Park","Seward Park","RECR",-1.51541749470871,0.226931861862678,2.42468932031948e-11,NA,4.36538799463626
"452","Seward Park","Seward Park","RNDU",-0.389831668865242,0.169638449538224,0.0215609464021255,0.0438603608493454,0.524806396675805
"453","Seward Park","Seward Park","ROPI",-1.32073482144538,0.458878021426842,0.00399973314451708,0.255860305472018,0.224921015264178
"454","Seward Park","Seward Park","RUHU",-0.230754138954887,0.181061248909984,0.202502748959346,0.00908618038611809,0.652962028572439
"455","Seward Park","Seward Park","RWBL",-0.934190484918959,0.272231710366662,0.000600030664425272,0.0709288248222392,0.364688239630952
"456","Seward Park","Seward Park","SOSP",0.0380465770891105,0.028533426424343,0.182399350559706,0.00219358930390392,0.985722660477525
"457","Seward Park","Seward Park","SPTO",0.0339455300515469,0.0385137159486945,0.37810780858323,0.000942633267588191,0.944582406055956
"458","Seward Park","Seward Park","SSHA",-0.821606584539865,0.284877347934321,0.00392569853473132,0.111275683821165,0.834075616751536
"459","Seward Park","Seward Park","STJA",-0.103730210785386,0.0739572915378256,0.160745375746838,0.00586766343450418,1.22685512989291
"460","Seward Park","Seward Park","SWTH",0.0621902863819419,0.149033233806093,0.676465280109613,0.000862327704171731,0.905815702711755
"461","Seward Park","Seward Park","TOWA",-0.248679398189451,0.177668420570106,0.16160838430879,0.0176309943047685,1.18612164125272
"462","Seward Park","Seward Park","TRES",0.111167688852246,0.318955279468392,0.727436996138176,NA,14.2988191781345
"463","Seward Park","Seward Park","VASW",-1.02069974848131,0.231328394434794,1.02258909457805e-05,0.426122110672026,2.31227859136896
"464","Seward Park","Seward Park","VATH",0.0258365088934812,0.0866977670170564,0.765698107659857,0.000318502633687096,1.40538782186513
"465","Seward Park","Seward Park","VGSW",-0.126358297854759,0.187764192448733,0.500971021357604,0.00669514008306435,1.56768345077573
"466","Seward Park","Seward Park","WAVI",-0.333420688482076,0.210836528637297,0.113782486847399,NA,1.04099203914598
"467","Seward Park","Seward Park","WEFL",0.540868943149498,0.0663823053720463,3.70641755748373e-16,0.100622307348237,0.82902386805061
"468","Seward Park","Seward Park","WEGR",-0.821650609994935,0.49131412701253,0.0944547520026663,0.0322737539694546,0.31251797613574
"469","Seward Park","Seward Park","WETA",-0.136337343959033,0.135089205721663,0.312859852782033,0.00503371764421907,0.905941381645801
"470","Seward Park","Seward Park","WIWA",0.0983072036016278,0.109352700549699,0.368656918799595,0.00268690278607516,0.850535310906409
"471","Seward Park","Seward Park","YRWA",0.220163586080677,0.202473074372294,0.276872365643898,0.0218616370506443,7.60620210509761
"472","Washington Park Arboretum","Washington Park Arboretum","AGOL",0.147269482991904,0.112028372309578,0.188653420669784,NA,1.16473234113783
"473","Washington Park Arboretum","Washington Park Arboretum","AMCR",-0.342057183937291,0.0391493936890468,2.38899733916108e-18,0.221244013497309,1.0422207448372
"474","Washington Park Arboretum","Washington Park Arboretum","AMRO",-0.17490664523869,0.0451939528689688,0.000108775630434676,0.0578978816032392,1.22206328742747
"475","Washington Park Arboretum","Washington Park Arboretum","ANHU",0.176030010906958,0.038065234166503,3.75629904983685e-06,0.0350080940191451,0.961312884384542
"476","Washington Park Arboretum","Washington Park Arboretum","BAEA",0.258477440332647,0.27461308913494,0.346580732719203,0.0126435454169059,0.912063116946792
"477","Washington Park Arboretum","Washington Park Arboretum","BARS",-2.35341122263869,0.565479252801701,3.15749648376229e-05,0.727100394172476,1.30022707006349
"478","Washington Park Arboretum","Washington Park Arboretum","BCCH",-0.166572653108284,0.0365778251073316,5.26542656253819e-06,0.0460082649186539,0.97743647309724
"479","Washington Park Arboretum","Washington Park Arboretum","BEKI",-0.0375913780223067,0.255643629070069,0.883095696914299,0.000253040880096221,0.677948586085904
"480","Washington Park Arboretum","Washington Park Arboretum","BEWR",-0.211213415242733,0.036956599681166,1.09591520743593e-08,0.0484531524327801,0.971605735942031
"481","Washington Park Arboretum","Washington Park Arboretum","BHCO",-0.504199543815771,0.221002085069273,0.0225233470303202,NA,0.936796898539894
"482","Washington Park Arboretum","Washington Park Arboretum","BRCR",0.195391852411187,0.0687110293824288,0.00445964791115378,0.0196419002312008,0.965133185323441
"483","Washington Park Arboretum","Washington Park Arboretum","BTPI",-0.492391470400996,0.145239785705762,0.000698424414272716,0.082019600467092,1.32400266014555
"484","Washington Park Arboretum","Washington Park Arboretum","BTYW",1.07231627396211,0.329676659047975,0.00114342178121697,NA,5.32666029684543
"485","Washington Park Arboretum","Washington Park Arboretum","BUSH",-0.509429501404085,0.151075841004997,0.000746212819979575,0.112657888402364,1.57472115581838
"486","Washington Park Arboretum","Washington Park Arboretum","CBCH",0.195918746859935,0.0644383022072018,0.00236257648021105,0.033624084650258,1.17472395381499
"487","Washington Park Arboretum","Washington Park Arboretum","CEDW",-0.253464241838265,0.179218938881162,0.157282194514038,0.028215515736872,1.05968058480068
"488","Washington Park Arboretum","Washington Park Arboretum","COHA",0.0192252957843673,0.197998152162722,0.922648283534953,0.000129503646383457,1.46552891457815
"489","Washington Park Arboretum","Washington Park Arboretum","CORA",3.62258898625506,0.713162017588753,3.78199122511816e-07,NA,0.540074473824711
"490","Washington Park Arboretum","Washington Park Arboretum","DCCO",-0.758751927292586,0.374865512332517,0.0429635289810312,0.104500649656563,7.0954030867449
"491","Washington Park Arboretum","Washington Park Arboretum","DEJU",0.301032573496096,0.0466192427892568,1.06615612947491e-10,0.0982345551361499,1.01882909931718
"492","Washington Park Arboretum","Washington Park Arboretum","DOWO",0.00779309108232391,0.129596195489063,0.952049196864634,2.04278135253534e-05,1.45214066333862
"493","Washington Park Arboretum","Washington Park Arboretum","EUST",-1.6545166979149,NA,NA,NA,0.427264391720002
"494","Washington Park Arboretum","Washington Park Arboretum","GADW",-0.741585111550582,0.303513815716918,0.0145523308124047,0.100535812408086,0.788627866766764
"495","Washington Park Arboretum","Washington Park Arboretum","GBHE",0.0559715419529488,NA,NA,0.000600187443000058,0.847239687196381
"496","Washington Park Arboretum","Washington Park Arboretum","GCKI",-0.555613947319234,0.0425701764729568,6.21301829410685e-39,0.413001461687725,0.923324590501519
"497","Washington Park Arboretum","Washington Park Arboretum","GWGU",-1.12303198573481,0.157064453640184,8.66928467515453e-13,0.296854538175956,0.84645662204896
"498","Washington Park Arboretum","Washington Park Arboretum","HETH",0.417868143379797,0.242711934869857,0.0851305944081467,0.0474820106715639,3.32996389464218
"499","Washington Park Arboretum","Washington Park Arboretum","HOFI",-0.0473199201592589,0.085424691234613,0.579621778072374,0.00164225600326134,1.25549841595742
"500","Washington Park Arboretum","Washington Park Arboretum","HUVI",-0.130815221899226,0.147804511871874,0.37612660463969,0.00581231036799199,1.30724370665869
"501","Washington Park Arboretum","Washington Park Arboretum","MALL",-0.0927215546912969,0.17951830155834,0.605503870057167,0.00218129946432575,0.807450716256871
"502","Washington Park Arboretum","Washington Park Arboretum","MERL",0.454156172608379,NA,NA,NA,1.66848128343682
"503","Washington Park Arboretum","Washington Park Arboretum","NOFL",-0.388949658545795,0.0603286724470909,1.13952318736834e-10,0.0826226331519894,0.952205186392527
"504","Washington Park Arboretum","Washington Park Arboretum","OCWA",0.136589352926682,NA,NA,NA,4.02460063655569
"505","Washington Park Arboretum","Washington Park Arboretum","PAWR",-0.0924913231185942,0.0680187391690765,0.173895821049225,0.0043057871306396,0.931125182714069
"506","Washington Park Arboretum","Washington Park Arboretum","PISI",-0.488847070604696,0.0841312341742932,6.22753250062349e-09,NA,1.58536265155825
"507","Washington Park Arboretum","Washington Park Arboretum","RBNU",-0.00183215062030327,0.0472627008121729,0.969077546977814,2.48154601443021e-06,1.11750279017415
"508","Washington Park Arboretum","Washington Park Arboretum","RCKI",-0.100932998463903,0.0670866198584541,0.132448152154855,0.00603280792710379,1.02018331534785
"509","Washington Park Arboretum","Washington Park Arboretum","RECR",-4.67201444770314,1.09932004498419,2.13853650414323e-05,0.921411765133449,9.8231542068539
"510","Washington Park Arboretum","Washington Park Arboretum","RTHA",-0.20423073127039,0.274981680598173,0.457659284125561,NA,1.14959297807357
"511","Washington Park Arboretum","Washington Park Arboretum","SOSP",0.0869421949963382,0.0358842559580608,0.0153992536493979,0.0109927071392448,0.977589076876927
"512","Washington Park Arboretum","Washington Park Arboretum","SPTO",0.05392306028798,0.0411330540494679,0.189877259911173,0.00249594869809923,0.978752769097957
"513","Washington Park Arboretum","Washington Park Arboretum","STJA",-0.130204309685887,0.0684759831736756,0.0572418506241497,0.00909120934899952,1.06282872294875
"514","Washington Park Arboretum","Washington Park Arboretum","TOWA",0.0210370635683289,0.130147255157563,0.87158898545593,NA,1.22560280583591
"515","Washington Park Arboretum","Washington Park Arboretum","VASW",-1.25127995086073,0.247445638418491,4.26378432503846e-07,0.432747711546254,0.716583371118271
"516","Washington Park Arboretum","Washington Park Arboretum","VATH",0.0952796155505134,0.089443841213629,0.286765019441442,0.00432617479323928,1.1571275601222
"517","Washington Park Arboretum","Washington Park Arboretum","VGSW",-0.8249630695525,0.176858139651609,3.09297935117948e-06,NA,2.04007704265128
"518","Washington Park Arboretum","Washington Park Arboretum","WEFL",0.547666695415298,0.111305653251349,8.6374024946993e-07,0.0844699303420706,0.795831910492774
"519","Washington Park Arboretum","Washington Park Arboretum","WETA",0.126666834853203,0.118799915274408,0.286324244376947,NA,1.04551759993713
"520","Washington Park Arboretum","Washington Park Arboretum","WIWA",0.157612622312682,0.136365613437114,0.247759233883184,NA,2.04973438763176
"521","Washington Park Arboretum","Washington Park Arboretum","YRWA",0.334130921739931,0.190039220916488,0.0787099378493091,0.0290776949524718,1.84301255182038
