"","spp","disp","r2","beta_yr","se_yr","p_yr","park"
"1","AGOL","0.749722885221073","0.0827361890719062","-0.268422481723874","0.0844692587029302","0.00148420882614637","Carkeek Park"
"2","AMCR","-0.0151034000937362","1.58604683830887e-08","5.79708448781484e-05","0.0400296780412372","0.99884450667104","Carkeek Park"
"3","AMRO","-1.42115063214514","0.168242896034132","-0.18276813517346","0.0392193750763017","3.1598042221523e-06","Carkeek Park"
"4","AMWI","-1.09701907404405","0.0179228933801749","0.264078703593772","0.355247052612541","0.457259913372223","Carkeek Park"
"5","ANHU","-0.0947245685890274","0.282896142775098","0.316459470951988","0.0452100214134327","2.56394403462084e-12","Carkeek Park"
"6","BAEA","-0.492667663758074","0.00362605671716609","0.0768913561633456","0.148563811513727","0.604762149519572","Carkeek Park"
"7","BAGO","-1.47460685054411","0.104764348981954","-0.636928439176963","0.367656480774272","0.0832021977046477","Carkeek Park"
"8","BAOW","-0.894829145283167","0.0296164585514791","-0.318452803173072","0.293104654090615","0.277265992801864","Carkeek Park"
"9","BARS","-1.53357147165837","0.356954049101954","-1.75833334920349","0.715903667688755","0.0140452783638075","Carkeek Park"
"10","BCCH","0.62136690924238","0.1294836555066","-0.17993653775242","0.0388050951319329","3.53620869025464e-06","Carkeek Park"
"11","BEKI","-1.2345316835294","0.0055566425865845","0.141148328325808","0.333290404792775","0.671930844588831","Carkeek Park"
"12","BEWR","-0.193959154107637","0.0397739445777788","-0.118848726280983","0.0537054449187829","0.0268994728575012","Carkeek Park"
"13","BHCO","-0.72990849076207","0.0742182831181992","-0.474233705888026","0.246707910062273","0.054574600853793","Carkeek Park"
"14","BHGR","-0.83180344388189","0.0460050820847174","0.310182185785056","0.184988658944358","0.0935887858820245","Carkeek Park"
"15","BRCR","-0.490507287935776","0.112358136188921","0.235272329309633","0.0638248727636103","0.000227612314371494","Carkeek Park"
"16","BTPI","-1.32024436227509","0.101025269942646","-0.262129111384172","0.088071148272318","0.00291717412400557","Carkeek Park"
"17","BTYW","0.761076287769213","0.160689732488566","0.539502776121453","0.128465618334996","2.67400108530284e-05","Carkeek Park"
"18","BUSH","0.217732494354653","0.183724847646492","-0.475193348337634","0.103550757288179","4.45396614901306e-06","Carkeek Park"
"19","CANG","-1.04442854991208","0.00153187359128937","0.0797815307650858","0.378021613575122","0.832848112703028","Carkeek Park"
"20","CATE","-1.24795823198795","0.106163130557528","0.687660624653461","0.411075651305669","0.0943603155527416","Carkeek Park"
"21","CBCH","0.235365411188499","0.0818001382854522","0.191963237561076","0.0579238395846688","0.000919508779668789","Carkeek Park"
"22","CEDW","-1.07228002726007","0.00146127730134149","-0.0661049755134705","0.270342910384792","0.806826031590535","Carkeek Park"
"23","COGO","-0.899707509001606","0.0647369333027749","-0.497149491166773","0.334556401698864","0.137280166007861","Carkeek Park"
"24","COHA","-1.20114726446604","0.095272081372212","-0.444353146084842","0.19367931621802","0.0217748460954499","Carkeek Park"
"25","CORA","-1.46314338845382","0.428741057432798","1.68204862014635","0.551925675059482","0.0023067685300184","Carkeek Park"
"26","DCCO","-1.43839537598041","0.0224465535956401","-0.302043998342248","0.397526719564651","0.447369335282814","Carkeek Park"
"27","DEJU","-0.279750231068019","0.683122219549771","1.23598961850234","0.100150465978892","5.42544533141593e-35","Carkeek Park"
"28","DOWO","-0.781763070667908","3.34556236958328e-06","0.00150345508484383","0.0873045511863734","0.986260460700886","Carkeek Park"
"29","EUST","-1.56398317185333","0.498155193336824","-2.32060130344614","0.758567945059047","0.00221938463344085","Carkeek Park"
"30","FOSP","-1.25245489758787","0.129058815089546","-0.860831894635052","0.517422588835057","0.0961739676200017","Carkeek Park"
"31","GBHE","-0.94448537552625","0.12317716349585","0.464786812667288","0.156591321609289","0.00299596334304847","Carkeek Park"
"32","GCKI","3.22573983234947","0.0527918074258691","0.148440457185772","0.0468795327168625","0.00154325897003843","Carkeek Park"
"33","GCSP","-1.24601065492277","0.00137518016923766","0.0797226822728546","0.447114626373912","0.858483612455984","Carkeek Park"
"34","GWGU","0.29353950460078","0.00552716428764677","0.0440499258344444","0.0522983947865726","0.399630880772476","Carkeek Park"
"35","HAWO","-0.792528301486752","0.10709307581174","0.400158199477258","0.140109952500695","0.00428974870774332","Carkeek Park"
"36","HETH","-1.04292686033665","0.00503415924524753","0.12596731375304","0.288791248070963","0.662700241134214","Carkeek Park"
"37","HOFI","-0.627367057985657","0.00219510829707403","-0.0498668959160968","0.117912898246531","0.672358747640344","Carkeek Park"
"38","HOGR","-1.2689887597433","0.12835825206062","-0.801428461380225","0.437492206375307","0.0669709228135167","Carkeek Park"
"39","HUVI","-1.36962981384524","0.0439960002451193","0.248018282061266","0.14750505903428","0.0926809348770039","Carkeek Park"
"40","MALL","-0.925813757366343","0.154573207904865","0.385972243873337","0.0994925793189374","0.000104711273018086","Carkeek Park"
"41","MERL","-1.17574849699531","0.0150525119922699","-0.209594312744222","0.266780283169817","0.432076114610653","Carkeek Park"
"42","NOFL","-0.26888417200415","0.0217945757007302","-0.0817209345367827","0.0502039723404504","0.103571912730172","Carkeek Park"
"43","OCWA","-0.620539381231447","0.0433783969357255","0.252107778580872","0.135409143932763","0.0626281267174402","Carkeek Park"
"44","OLGU","-1.07953173809231","0.0656821122649575","0.538378851573895","0.395673639110026","0.173619916140032","Carkeek Park"
"45","OSFL","-1.09517886449275","0.00428448736212883","0.132294663211442","0.377758685054701","0.726181511483975","Carkeek Park"
"46","OSPR","-1.01253596472014","0.127481377382231","-0.560640111583154","0.207323059433586","0.00684719528470788","Carkeek Park"
"47","PAWR","-0.46751948922932","0.0967138599303563","-0.17230855099809","0.0488009498689018","0.000414235659435132","Carkeek Park"
"48","PISI","3.899264756636","0.0424983868355495","0.198970646087723","0.0696825706066973","0.00429845328314528","Carkeek Park"
"49","PIWO","-0.55602056862054","0.0493760591427757","0.217315379373792","0.10401761130813","0.036688178649599","Carkeek Park"
"50","PUFI","0.106362392434858","0.537498076735597","1.99747793910264","0.431196520549577","3.61438068913061e-06","Carkeek Park"
"51","RBGU","-0.83580027197554","0.0162186782266537","0.263978324411538","0.379699105542145","0.486910984249281","Carkeek Park"
"52","RBME","-0.704611639662511","0.00983893621271015","-0.20253828048764","0.364400038767002","0.578338694289208","Carkeek Park"
"53","RBNU","-1.05847411807614","0.106144433070494","0.24180054354176","0.0737053840929657","0.0010357328206943","Carkeek Park"
"54","RBSA","-0.12294415379944","0.0532096081245346","0.439603968752166","0.285094450803906","0.123083544766879","Carkeek Park"
"55","RCKI","-0.853225636967523","0.111946503440665","-0.259760676161594","0.076363529871087","0.000669846124852048","Carkeek Park"
"56","ROPI","-0.524231057253544","0.182073127081294","-0.5543333281449","0.142342345156874","9.84555032025086e-05","Carkeek Park"
"57","RTHA","-0.884851769907113","0.0923543158809924","0.473002377404266","0.211531690375185","0.0253463470051969","Carkeek Park"
"58","RUHU","-0.538632881250908","0.0118945172891433","-0.227070859935992","0.366073824306378","0.535068805983721","Carkeek Park"
"59","SOSP","-0.477483355253275","0.0236199408232186","-0.0694316219838931","0.039964297082983","0.0823269539747526","Carkeek Park"
"60","SPTO","-0.072121622828315","0.0554163509137481","0.130011253381753","0.0477760514420257","0.00650327834423743","Carkeek Park"
"61","SSHA","-0.878018560908439","0.0151239648146047","-0.251837865242807","0.367882340196817","0.493621048490275","Carkeek Park"
"62","STJA","-0.0478007385805743","0.0221207893664163","-0.113978115608253","0.0724707721394052","0.115777648320249","Carkeek Park"
"63","SWTH","-1.48201516829489","0.00122881147701337","-0.026854844868559","0.0860345653792514","0.754933990408079","Carkeek Park"
"64","TOWA","-0.857522616604278","0.170929096188964","0.697924616357042","0.223343639067235","0.00177870716054588","Carkeek Park"
"65","VATH","-0.84832588794708","0.0119360901764006","0.118585926819695","0.124420624234611","0.340536841448251","Carkeek Park"
"66","VGSW","0.136188758628563","0.185192922210418","-0.716930231326987","0.209063766139075","0.000605269755892566","Carkeek Park"
"67","WAVI","-1.12658283730272","0.331535373839551","0.712507913224139","0.129754987975973","3.99258608583523e-08","Carkeek Park"
"68","WCSP","-0.0901448244055543","0.019790231674603","0.237358560326007","0.224785152796554","0.290997810697677","Carkeek Park"
"69","WEFL","-0.444592252696915","0.489962663106882","0.736296520808306","0.0797879364290993","2.75298731985308e-20","Carkeek Park"
"70","WETA","-0.991750063782377","0.0155382782891531","0.221771789947","0.278189491878739","0.425336708260165","Carkeek Park"
"71","WEWP","-0.267078691042119","0.00215233574431983","-0.0829993083961622","0.253458036016205","0.743314204002799","Carkeek Park"
"72","WIWA","-0.819884404249328","0.234148427834013","0.342217871386072","0.061875709080524","3.18899950528697e-08","Carkeek Park"
"73","YRWA","-0.79768678376795","0.0950647187957754","0.421379014314773","0.160917706323917","0.00882915563171242","Carkeek Park"
"74","AGOL","2.42269789414404","0.345040359587052","-0.267954821001886","0.0267692214328004","1.38017317372545e-23","Discovery Park"
"75","AMCO","-1.0083167393967","0.226400015161961","-1.01640614217317","0.352910333847489","0.00397588040030344","Discovery Park"
"76","AMCR","0.596392539748482","0.466122987128617","-0.242379310916492","0.0200921225432084","1.64834796675325e-33","Discovery Park"
"77","AMRO","4.18897174025554","0.120243130011913","-0.110753246470893","0.0195713752688293","1.52310420797172e-08","Discovery Park"
"78","AMWI","-0.732841022667986","0.0679775425038287","-0.231511156558346","0.091067584465294","0.0110160085524154","Discovery Park"
"79","ANHU","2.75122191829181","0.399128583446629","0.257307118180775","0.022267229778146","6.93104936169586e-31","Discovery Park"
"80","BAEA","-0.602778840324313","0.00567088408454874","0.0566481779591527","0.0754347882160196","0.452679366694568","Discovery Park"
"81","BAGO","-1.01768339153505","0.200727210811664","-0.66235980354492","0.183375164666004","0.000303788912036214","Discovery Park"
"82","BAOW","-1.16458930539013","0.0895600424651033","0.395341403678921","0.167082753170057","0.0179745825011606","Discovery Park"
"83","BARS","0.391712162871295","0.542770915349411","-0.934261399814699","0.0877226448870438","1.74040125093186e-26","Discovery Park"
"84","BCCH","-0.43760284678691","0.0456481166448078","0.0554069500489777","0.0207566982674187","0.00759975832134377","Discovery Park"
"85","BEKI","-0.785674847231552","0.000346336492330845","-0.0154800703108222","0.0873959320011896","0.859409613360485","Discovery Park"
"86","BEWR","1.93972696950061","0.0951352929942907","0.109499224648517","0.0248352383949266","1.03836311920061e-05","Discovery Park"
"87","BHCO","-0.182191630607587","0.275992473216703","-0.419375213195768","0.0655381986202246","1.56455982132583e-10","Discovery Park"
"88","BHGR","-0.709066083618374","0.000726721575620926","0.022371089328573","0.0870079337663549","0.79708960413022","Discovery Park"
"89","BRAC","-0.821765613627352","0.0356442860962742","0.409488583468838","0.399820812564246","0.305750141078362","Discovery Park"
"90","BRAN","-1.53069627821465","0.05283042824206","-0.417726625823017","0.312378977347799","0.18114330396136","Discovery Park"
"91","BRCR","0.889702573130015","0.399048859097694","0.393370948189946","0.0401810316513246","1.24337247234444e-22","Discovery Park"
"92","BTPI","0.526326374531587","0.0385536871408577","-0.143016322468926","0.063394306891523","0.0240718501018279","Discovery Park"
"93","BTYW","-0.516940980965797","0.229603778017703","0.430758911179703","0.0818220460368062","1.40508298160495e-07","Discovery Park"
"94","BUFF","-0.564704158684949","0.0534268983346272","-0.190417989660776","0.0821685448299252","0.0204815523872569","Discovery Park"
"95","BUSH","-0.206631181873306","0.199199074431762","-0.303545663489214","0.0573369150215308","1.19623359566667e-07","Discovery Park"
"96","CAGU","-1.15494067120315","0.0251021232911481","0.153547486411952","0.109771560377044","0.161875623055936","Discovery Park"
"97","CANG","-1.04728194349765","0.0164209609906959","-0.178334154887394","0.186472424808765","0.3388920473205","Discovery Park"
"98","CAQU","-1.15132445041448","0.773693483590662","-4.06887135684912","0.850015426807247","1.69444167749335e-06","Discovery Park"
"99","CATE","2.71328046385373","0.325149476971464","0.62782948224031","0.0762068566574913","1.74396570543369e-16","Discovery Park"
"100","CAVI","-1.05811246063053","0.214081646240338","-1.10827467361348","0.457107637817789","0.0153278942677082","Discovery Park"
"101","CBCH","1.14162814964238","0.320797093123603","0.282430977364957","0.0327031114915258","5.81080469939314e-18","Discovery Park"
"102","CEDW","-0.560997561556892","0.0459586379639431","-0.114289214948784","0.0483956186811121","0.0181981683094531","Discovery Park"
"103","CLSW","-1.48689664190873","0.310233675107761","-1.30454078137086","0.471686672433539","0.00568018881721697","Discovery Park"
"104","COGO","-1.09226067855201","0.0556214449970501","0.196646262959326","0.0881105471901293","0.0256273260418733","Discovery Park"
"105","COHA","-0.77517439522085","0.000433754739780579","-0.0170781300760857","0.0858896862041596","0.842389500252313","Discovery Park"
"106","COLO","-0.767031650236887","0.0244994780190211","-0.285199755515372","0.272070386630525","0.294520099725082","Discovery Park"
"107","COME","-1.58443753058052","0.630288474567789","2.01240007279975","0.408422833364761","8.33964159522246e-07","Discovery Park"
"108","CORA","-0.507809133626844","0.780967616645627","1.8034373870421","0.150987973906813","6.95791199632182e-33","Discovery Park"
"109","COYE","-1.10544966731747","0.0171848032786724","-0.244562958013385","0.302156306191858","0.418289586213118","Discovery Park"
"110","DCCO","-0.836038672514546","0.0657504202939041","0.186059519556886","0.0709509146830003","0.00873206845184982","Discovery Park"
"111","DEJU","-0.417603774786806","0.783841294164508","0.589169888279175","0.0271466447933423","1.9124383575085e-104","Discovery Park"
"112","DOWO","0.0177178463266716","1.04255238445594e-05","0.00192215284764784","0.0544028173953951","0.97181511682122","Discovery Park"
"113","EUST","0.87302092773165","0.691657643014333","-0.907305327923412","0.0573853818501271","2.62368642276175e-56","Discovery Park"
"114","EUWI","-1.34979441924451","0.0358133021459967","-0.424637759379204","0.484573777363649","0.380860506692027","Discovery Park"
"115","EVGR","1.7819121336441","0.0516363175305761","-0.404798639804816","0.200492775256846","0.04348528766746","Discovery Park"
"116","FOSP","-0.591113917365835","0.00159157938099441","-0.0247908162492965","0.0596648006156736","0.677774791592268","Discovery Park"
"117","GADW","-0.492115932275845","0.540560441517195","-1.3381828488469","0.18945165084612","1.62415045360307e-12","Discovery Park"
"118","GBHE","-1.42357870489075","0.00445879183810527","0.0418669842529027","0.0660815918272311","0.526364743164987","Discovery Park"
"119","GCKI","3.24075117214543","0.00826696532009441","0.0367198068912541","0.0276583852282849","0.184303895150598","Discovery Park"
"120","GCSP","-1.28403686449888","0.0970841936369851","-0.2262960965663","0.0740664158461707","0.00224825620310239","Discovery Park"
"121","GRSC","-1.15268424019064","0.265104939425294","-0.828404900629897","0.204711434433907","5.19456774505455e-05","Discovery Park"
"122","GWGU","1.54064638252353","0.20169131137944","-0.231058008586014","0.0360429559786372","1.44920739938803e-10","Discovery Park"
"123","HAFL","-1.30574370090394","0.00664313458805244","-0.177911201947487","0.463755589131413","0.70125167004739","Discovery Park"
"124","HAWO","-1.5867836069333","0.0149898268360203","0.14554421954793","0.158490373781036","0.35845354076664","Discovery Park"
"125","HEEG","-1.07080791819804","0.0167836676504531","-0.206565441434525","0.227266838408633","0.363396846571714","Discovery Park"
"126","HERG","-1.41917655669944","0.00297961111703671","-0.112460331379261","0.420548893197516","0.789151026111501","Discovery Park"
"127","HETH","-1.17145839577004","0.0113436976716594","0.130137097070353","0.151362686441315","0.389915838894333","Discovery Park"
"128","HOFI","4.45746110137868","5.45112634727785e-05","0.00384738858847206","0.0353474561834819","0.913325549459938","Discovery Park"
"129","HOGR","-1.15409117905061","0.00871229239512616","0.0623285669250558","0.0688942675779143","0.365624933015678","Discovery Park"
"130","HOME","-0.850650430177067","0.057230419693771","-0.43591313695636","0.271730582432704","0.108667593377049","Discovery Park"
"131","HOSP","-0.802629736650674","0.672477796871159","-1.61341629157124","0.176433389148374","5.98398934680897e-20","Discovery Park"
"132","HUVI","-0.0362791668720932","0.187292384199051","0.362480093239875","0.073431379432368","7.96142987327918e-07","Discovery Park"
"133","KILL","-0.638675848757167","0.117964132716552","-0.580571623079886","0.217524740939137","0.00760794396382856","Discovery Park"
"134","LESC","-1.39903546046463","0.128171806974906","0.688310734781683","0.341342958743826","0.0437499650241012","Discovery Park"
"135","LISP","-1.27830102018651","0.187032880546263","-0.619901068774896","0.183235175118971","0.000716751677720283","Discovery Park"
"136","MALL","-1.14591587645325","0.0498594982047402","-0.12153382435889","0.0524173020797502","0.0204177003691518","Discovery Park"
"137","MAMU","-1.22871043979811","0.0420655884990985","0.443968838059086","0.434681296905989","0.307080914422046","Discovery Park"
"138","MERL","-0.514051730382376","0.0136823562276333","0.165786641427808","0.17375709804929","0.340018478718516","Discovery Park"
"139","MGWA","-1.30842627710383","0.135337537835531","-0.922839484563026","0.568762572821071","0.104687978897845","Discovery Park"
"140","MODO","-0.694002333332023","0.0961356114179224","-0.567072900748105","0.265270127956718","0.0325395846289401","Discovery Park"
"141","NOFL","1.02625869390838","0.160938512899372","-0.158609985838946","0.0282944026132029","2.07412708680065e-08","Discovery Park"
"142","NRWS","0.0974664964193819","0.108489898262008","-0.598439426731045","0.214753273197281","0.00532580931221743","Discovery Park"
"143","NSHO","-0.717432561783829","0.164190217239042","-0.583923422379368","0.178981946880455","0.00110445448148089","Discovery Park"
"144","NSHR","-1.56885162915803","0.207077251419823","-1.18717462976417","0.634033785935078","0.0611491550525967","Discovery Park"
"145","OCWA","-0.77206682781562","0.00648779886229267","0.0381130265564055","0.0439599895805973","0.385945554573359","Discovery Park"
"146","OLGU","0.626650296303377","0.797736764338646","2.40298551127382","0.197988556624518","6.72532609940661e-34","Discovery Park"
"147","OSFL","-0.749911984742895","0.00840098728971872","-0.112922442711608","0.144544151163549","0.43466635546297","Discovery Park"
"148","OSPR","-0.929161958933811","0.0880321039539915","0.333138968416081","0.125217585484819","0.00780292010467275","Discovery Park"
"149","PAWR","0.513726554835721","0.00403221922992569","0.0219493581409646","0.0276315939364095","0.426987459449926","Discovery Park"
"150","PEFA","-0.917002907580885","0.0186313607876832","-0.261397856508333","0.302949281508167","0.38822344938793","Discovery Park"
"151","PIGU","-1.05430422766211","0.0437958478777555","-0.334735482108155","0.226764558672755","0.139907204569917","Discovery Park"
"152","PISI","10.555986918574","0.000178733595289415","0.00907713253937694","0.0362241327140963","0.802136938640615","Discovery Park"
"153","PIWO","-0.3994066883787","0.184363404299068","0.37018155106264","0.0798093600190687","3.51248390613975e-06","Discovery Park"
"154","PUFI","-0.574637919144831","0.6549280314596","1.09935012873854","0.0952325819092496","7.92998809218869e-31","Discovery Park"
"155","PUMA","-1.02758534536497","0.220891621826923","1.02572546260848","0.424535890540824","0.0156873161006969","Discovery Park"
"156","RBGU","-1.0535161930441","6.35656779779392e-06","-0.00481239421783394","0.341311864283955","0.988750441375413","Discovery Park"
"157","RBME","-0.844400763086666","0.000994512440545936","-0.0324028691614663","0.110277872937345","0.768888351948433","Discovery Park"
"158","RBNU","1.47908115696103","0.142692442878549","0.167448753776706","0.0314658916125696","1.02860970088784e-07","Discovery Park"
"159","RBSA","-0.68567958678466","0.0856937006278732","0.482621088306083","0.210679326324543","0.0219758384981968","Discovery Park"
"160","RCKI","0.14269371554712","0.0412576841883385","-0.0845018823408673","0.0342659320465345","0.0136608026646488","Discovery Park"
"161","RECR","4.24704244003876","0.000344470612694381","0.0292602989240264","0.151123130529366","0.846474274202965","Discovery Park"
"162","RHAU","-0.923305575164042","0.00360457014802029","0.0703752794107472","0.139531262019229","0.614001915221715","Discovery Park"
"163","RNGR","-1.38323115639241","0.0399676884822988","-0.212192387097441","0.128546997350791","0.0988000726014371","Discovery Park"
"164","ROPI","0.64368577189467","0.162026594294461","-0.448659531176689","0.10252520230378","1.20827040240327e-05","Discovery Park"
"165","RTHA","-0.721182424993106","0.0270832802299097","-0.162997130450785","0.105541310662404","0.122493455198333","Discovery Park"
"166","RTLO","-1.26455354727582","0.00698077734777536","-0.134334130402934","0.243417740845706","0.581039726870162","Discovery Park"
"167","RUHU","-0.622818987725108","0.0506986616485086","-0.174465532931646","0.0764192003741887","0.0224299841325609","Discovery Park"
"168","RWBL","-0.904162505300189","0.553577809408483","-0.943239037615834","0.102817579167628","4.56173323578188e-20","Discovery Park"
"169","SAND","-1.41498933452149","0.424793360900628","-1.56931229246014","0.418841348683506","0.000179108986526849","Discovery Park"
"170","SAVS","-0.55076477031402","0.119922711359192","-0.195555270304362","0.0502493450593077","9.95451481636673e-05","Discovery Park"
"171","SBIG","-1.09209602222041","0.00911892105363998","0.049302578824612","0.0498734487096865","0.322881582300068","Discovery Park"
"172","SOSP","4.64670627659025","0.0813361305466161","-0.0906710071999642","0.0195650401968418","3.58081702383693e-06","Discovery Park"
"173","SPTO","1.11060270953668","0.0325983089087086","-0.0526102928897572","0.0216284169224016","0.0149965830156794","Discovery Park"
"174","SSHA","-1.00123546691161","0.134561714300019","-0.657412198615736","0.265437099184893","0.0132597521103133","Discovery Park"
"175","STJA","-0.295027209885699","0.115882662108267","-0.186190215914639","0.0468078919821349","6.9569688684378e-05","Discovery Park"
"176","SUSC","-1.06603144346637","9.47271041473741e-06","0.00286096638630978","0.103832887744558","0.978018216085828","Discovery Park"
"177","SWTH","0.181020639987298","0.0450267204013596","0.130164766034497","0.0539037122932178","0.0157453901667101","Discovery Park"
"178","TOWA","-1.10237277219859","0.0542932565249944","0.256388928622518","0.128657940669361","0.0462838758780943","Discovery Park"
"179","TRES","-0.410914933406435","0.347838109593459","-0.974065568478445","0.181986369419504","8.67907236464087e-08","Discovery Park"
"180","VASW","-0.454651004288467","0.036349684849281","-0.355905784344714","0.266959509828716","0.182471874550207","Discovery Park"
"181","VATH","0.0798348108425011","0.0328964788097907","0.0961951171208939","0.0457310712437187","0.0354224504605511","Discovery Park"
"182","VESC","-0.892510252940465","0.208880270800596","-0.853322756645477","0.264179137360771","0.00123750654760529","Discovery Park"
"183","VGSW","0.661495285626003","0.196283794805036","-0.452598852949336","0.086522854630167","1.68618699911273e-07","Discovery Park"
"184","WAVI","0.922759658082994","0.0782731852476156","0.222008151849291","0.0685428720055378","0.0011996313747616","Discovery Park"
"185","WCSP","0.759158841119161","0.0819842583625383","-0.133440724199231","0.0370364056904574","0.000314612782830507","Discovery Park"
"186","WEFL","1.03429527908235","0.413064362927777","0.413304267539761","0.0405261406873836","2.01438983549523e-24","Discovery Park"
"187","WEGR","-1.42393472176285","0.444656257825817","-1.40071572874467","0.299499494028428","2.91307978714592e-06","Discovery Park"
"188","WESA","-1.38002416595954","0.129481414343821","-0.864670288016275","0.556201417929881","0.120041550724116","Discovery Park"
"189","WETA","-0.656963281584151","0.0349346079345373","0.213923605740374","0.127162419726026","0.0925133224522953","Discovery Park"
"190","WEWP","0.377922698843872","0.00283092738772839","-0.0711662248181681","0.141363544452464","0.614664093991676","Discovery Park"
"191","WIFL","-0.900502641783235","0.0481402235470797","-0.277050314829131","0.153702291737002","0.0714647968565388","Discovery Park"
"192","WIWA","2.62348954842479","0.111520082335751","0.249843660569006","0.0533577266452562","2.83498144375185e-06","Discovery Park"
"193","YEWA","-0.647910214429143","0.00534949647139427","-0.0961645462626194","0.15714704071965","0.540577513765514","Discovery Park"
"194","YRWA","-1.34323178267206","2.18862364183003e-05","-0.00288481076976598","0.0644780037352333","0.964313748126034","Discovery Park"
"195","AGOL","-1.27657270440826","0.0649125143966698","-0.416870427544482","0.24875292887889","0.0937692853655782","Genesee Park"
"196","AMCO","-1.48089001711288","0.0174791245201146","-0.140138254969532","0.131991530421045","0.288362103894257","Genesee Park"
"197","AMCR","-0.853581301411657","0.265385507403899","0.408489372238113","0.0703177725935116","6.27754372489206e-09","Genesee Park"
"198","AMRO","-1.36004301856618","0.0469991801871311","-0.164017648185916","0.0812992215314354","0.0436478894400406","Genesee Park"
"199","AMWI","-1.41895434599512","0.00248140586044421","0.0499927083121009","0.121496358505197","0.680724304158968","Genesee Park"
"200","ANHU","-0.926697575138551","0.206858368900997","0.45617424840836","0.0995878798602209","4.63599204542794e-06","Genesee Park"
"201","BAEA","-0.881553644953407","0.000470794636213134","0.0292312307822634","0.169814620803952","0.863330513033112","Genesee Park"
"202","BARS","-1.34463751990537","0.0973799183036993","-0.271489541708027","0.0945672586211812","0.0040935429239507","Genesee Park"
"203","BCCH","-1.02883610064257","0.220212410868927","0.44775030986499","0.0925086506942662","1.29779531375073e-06","Genesee Park"
"204","BEKI","-1.23231456161807","0.011511403006909","-0.213816094223236","0.364716219844057","0.557705296101982","Genesee Park"
"205","BEWR","-1.10123177902023","0.0276284164101667","0.15213345072572","0.102288269166572","0.136935315807486","Genesee Park"
"206","BHCO","0.441403567215162","0.0406237941654204","-0.41958241843391","0.312308294523464","0.179114037660991","Genesee Park"
"207","BUFF","-1.79424368901665","0.000436374569957376","-0.0185615740499058","0.110735054894165","0.866881069844695","Genesee Park"
"208","BUSH","-0.953502624956017","0.0223727671422929","-0.215548846491446","0.187332611287442","0.249888167872337","Genesee Park"
"209","CAGU","-1.69055640246191","0.000984030090575794","0.0276002302655263","0.10733639751745","0.797072504968726","Genesee Park"
"210","CANG","-1.45152726542854","0.0863401465339017","0.270959347237314","0.104372216185316","0.00942922034182826","Genesee Park"
"211","CANV","-0.862463768620398","0.135246494702689","-0.743479995148178","0.321920756703975","0.0209151616888072","Genesee Park"
"212","CATE","-0.0432153302627443","0.118074983127275","0.631894364296239","0.237431392908396","0.0077821849890283","Genesee Park"
"213","CBCH","-1.60402393492476","0.20573017519719","0.916912448912995","0.395730737224804","0.0205031356291148","Genesee Park"
"214","CEDW","-0.632341731283281","0.0868928130115685","-0.534496442744581","0.25739399028987","0.0378413343989245","Genesee Park"
"215","COGO","-0.887165782811045","0.0281900418354301","-0.241482892789138","0.188192818711578","0.199433429155122","Genesee Park"
"216","COME","-1.68445056811001","6.20623290092936e-07","-0.000820165186656698","0.135499447163646","0.995170510599618","Genesee Park"
"217","DCCO","-1.76911206211825","0.00390112496325412","0.0538890652285443","0.105796849310121","0.610497377711804","Genesee Park"
"218","DEJU","-1.5924274303479","0.265080823082817","0.793032400280716","0.216567244170412","0.0002504201617276","Genesee Park"
"219","DOWO","-0.403473132562394","0.00242319038058325","-0.0908847505325886","0.271733787200719","0.738030615080988","Genesee Park"
"220","EUST","-0.306039908462932","0.273548551044","-0.542305163487792","0.0927126648215926","4.9361489749145e-09","Genesee Park"
"221","GADW","-1.05991436536535","0.0018246231979907","-0.0350494620317387","0.0889967211773563","0.693707521824975","Genesee Park"
"222","GBHE","-1.15619077011316","3.32259041280203e-07","-0.000796048286464289","0.188803666840554","0.996635908792441","Genesee Park"
"223","GCKI","-0.406522389961444","0.0233787601919569","0.26972589579543","0.261911727325253","0.303087410183712","Genesee Park"
"224","GCSP","-0.778753962209084","0.0137008360501352","0.221981033402977","0.304065666054557","0.46536385610977","Genesee Park"
"225","GWGU","-0.82240812754101","0.00217826966270407","0.0370653165148725","0.0827586095366416","0.654245118832116","Genesee Park"
"226","HOFI","-0.663152509866903","0.135605711491484","0.493056387989418","0.149686336640966","0.000987969273480382","Genesee Park"
"227","HOGR","-0.904732950009253","0.00375051103663737","-0.0850832499109593","0.178536667634811","0.633676208275397","Genesee Park"
"228","HOME","-1.33089937836121","0.146952858956223","-0.600749169950096","0.221297663153344","0.00663427073994598","Genesee Park"
"229","HOSP","-0.763899436840746","0.412762189253204","-1.36045686345506","0.309134672551876","1.07825172733162e-05","Genesee Park"
"230","LESC","-1.05222091376804","0.19253404729256","-0.756454694764245","0.247937171600877","0.00228085525226505","Genesee Park"
"231","MALL","-1.2905390498645","0.11449768499086","0.270813540449525","0.0827982117823439","0.00107256782150206","Genesee Park"
"232","MERL","-1.338580916677","0.0235943786896905","0.31748508896828","0.414295379942515","0.443482685285783","Genesee Park"
"233","NOFL","-1.14890281319623","0.00547972214938841","-0.0635003448613558","0.0947656013687787","0.502808066966921","Genesee Park"
"234","OCWA","-1.34385453265744","0.026861467226532","-0.347046638737014","0.432497417449164","0.422307292137727","Genesee Park"
"235","OSPR","-1.19842608280059","0.000260736703346698","-0.0211788568754686","0.172598580330438","0.902340024975045","Genesee Park"
"236","PAWR","-1.00632216996517","1.35339293041437e-05","0.00776096751313942","0.410153015731833","0.98490322778982","Genesee Park"
"237","PBGR","-0.214304710044351","0.0207629896905278","-0.216180799162928","0.181758624748156","0.23428859615544","Genesee Park"
"238","RBGU","-1.86439170296666","0.00984246158036817","-0.0882941889536106","0.111898468378206","0.430079114625167","Genesee Park"
"239","RCKI","-1.15396579534763","0.0097153913754231","0.132939225513852","0.174363121639325","0.445804944330155","Genesee Park"
"240","RNDU","-1.58984314211698","0.0551241299441899","-0.238516336668017","0.125067236559715","0.0565070079743957","Genesee Park"
"241","RNGR","-1.54436154430613","0.418719762708689","-1.8522552965776","0.654525562291167","0.00465595740008829","Genesee Park"
"242","ROPI","0.171616949503925","0.144723908340047","-0.540434641675264","0.149963326222448","0.000313624108061588","Genesee Park"
"243","RTHA","-1.18364445059235","0.190973041439121","-0.954773147919089","0.41443190208238","0.0212332048091646","Genesee Park"
"244","SAVS","-0.921253528906846","0.047888979201225","-0.222353396059879","0.112719248606012","0.04853770750238","Genesee Park"
"245","SBIG","-0.550097190821659","0.16220883769439","-0.452997976506193","0.115072771828666","8.26367035909672e-05","Genesee Park"
"246","SOSP","-0.998294602076579","0.413337415760017","0.613580281444315","0.0799338330639848","1.64002146762185e-14","Genesee Park"
"247","SPTO","-0.807439074978578","0.172446023859879","0.592040288130382","0.169867069032727","0.00049155751891656","Genesee Park"
"248","SSHA","-0.886056337845238","0.219180875920524","-1.06190472088725","0.396533881220418","0.00740704751420879","Genesee Park"
"249","STJA","-1.23830891622683","0.209534608791857","0.668640884574709","0.18455333304986","0.000291180443056302","Genesee Park"
"250","VASW","-1.2446914870688","0.206911120614765","-0.769569558246683","0.2442340947646","0.00162740033789607","Genesee Park"
"251","VGSW","-1.35941160700986","0.145877185034077","-0.390899770185177","0.114917434662087","0.000669998138187733","Genesee Park"
"252","WCSP","-0.805519499420761","0.0645692556442169","-0.412111861317963","0.217141170064179","0.0577094780617269","Genesee Park"
"253","WEGR","-1.40143564695286","0.456340702493957","-1.62700501230261","0.418926257827714","0.000102857508054985","Genesee Park"
"254","YRWA","-1.14005168400734","0.161684298552859","0.800934644211406","0.343763574611551","0.0198114536823179","Genesee Park"
"255","AGOL","-0.393512014211969","0.122101779647211","-0.361785867055287","0.103385008330125","0.000466300236618344","Golden Gardens Park"
"256","AMCR","-0.915547633635214","0.00363833354815513","0.0371472994538251","0.0612348050194122","0.544091828611844","Golden Gardens Park"
"257","AMRO","-1.68010146063767","0.109313140003236","-0.203803278546701","0.0629791457823569","0.001211987563794","Golden Gardens Park"
"258","AMWI","-1.76842501262388","0.028533307614058","-0.133482986806284","0.0929453937264178","0.150961317128932","Golden Gardens Park"
"259","ANHU","-1.19428616234539","0.140227432079161","0.266895472399072","0.069413738885088","0.000120554943004257","Golden Gardens Park"
"260","BAEA","-1.515047486508","0.0437186087022269","0.281060073326424","0.187235344221198","0.133328182127391","Golden Gardens Park"
"261","BAGO","-0.883093795477506","0.222725195493292","-0.675376594843235","0.16683928715807","5.16423886072002e-05","Golden Gardens Park"
"262","BAOW","-1.32831712156465","2.19834039296707e-05","-0.00989517637857593","0.447707877590096","0.982366703580859","Golden Gardens Park"
"263","BARS","-0.352956607442156","0.356321882981542","-1.08208178865384","0.211876648624506","3.27087092157666e-07","Golden Gardens Park"
"264","BCCH","-1.32044494399848","0.0198310435282351","-0.0875728335254827","0.0642657577453168","0.172987452106493","Golden Gardens Park"
"265","BEKI","-0.836884028154366","0.0415997966993409","0.226955992845954","0.125785553252483","0.0711828958161178","Golden Gardens Park"
"266","BEWR","-1.01484381085252","0.0675489434330481","0.205818059830553","0.0820639369078994","0.0121409523797303","Golden Gardens Park"
"267","BHCO","-1.00749319732486","0.00804287791518221","-0.179803270941342","0.362997861071932","0.620368091257837","Golden Gardens Park"
"268","BRAN","-0.614452271110357","0.1650149285508","-0.695900630068048","0.227563860659034","0.00222785778966692","Golden Gardens Park"
"269","BRCR","-0.422239422046485","0.0541498245131337","0.228844415478663","0.100269559473694","0.0224721053416252","Golden Gardens Park"
"270","BUFF","-1.0353794004259","0.0925551686703355","-0.317866564732853","0.116182042870653","0.00622032346270864","Golden Gardens Park"
"271","BUSH","-1.14235555666105","0.0952556571331624","-0.337714375038436","0.125055636150973","0.00692326248135006","Golden Gardens Park"
"272","CAGU","-0.469242852661595","0.0358418368842522","-0.195206788788652","0.110934361196325","0.07846542470029","Golden Gardens Park"
"273","CANG","-1.15822336323188","0.0725144707700965","-0.278243836680102","0.118996877245792","0.0193745495586956","Golden Gardens Park"
"274","CATE","-0.18316297837834","0.0917430083569185","0.406784353947306","0.147343540820279","0.00576620035664717","Golden Gardens Park"
"275","CBCH","-0.957004352098282","0.0303854157376744","0.17981388967041","0.115473454034179","0.119425830430302","Golden Gardens Park"
"276","CEDW","-0.083503125672185","0.00182703515872207","0.0836766608901522","0.300664201602434","0.780777446154504","Golden Gardens Park"
"277","COGO","-0.497121116843349","0.043763650531589","-0.269566412562674","0.146104905905222","0.0650346899818204","Golden Gardens Park"
"278","COME","-1.60520342985448","0.583005824893572","2.15783676181905","0.599125490189851","0.000316211118931738","Golden Gardens Park"
"279","DCCO","-0.451699311065303","0.030560318929621","-0.170776066941567","0.100147102509173","0.0881473981647396","Golden Gardens Park"
"280","DEJU","-1.04340598214516","0.564986406075416","1.19255861370646","0.15119953240837","3.08752890682288e-15","Golden Gardens Park"
"281","DOWO","-0.770471959570381","0.0262667511858684","0.224019830575719","0.177893430264352","0.207924766070173","Golden Gardens Park"
"282","EUST","-1.12460264632445","0.446968601271487","-0.894386359689161","0.132311891880539","1.38294608193329e-11","Golden Gardens Park"
"283","EUWI","-1.42545529585436","0.000313452241508472","0.0298622833258238","0.277645171893152","0.914348246449802","Golden Gardens Park"
"284","FOSP","-0.822465778199555","0.163763172803909","0.801583809634132","0.322372940204912","0.0129002640252657","Golden Gardens Park"
"285","GADW","-0.950114834457009","0.172375610752248","-0.538885286506501","0.150833448386366","0.000353295957344191","Golden Gardens Park"
"286","GBHE","-0.81670774506941","0.0219076435355411","0.131809930217793","0.0940619593674273","0.161121500371172","Golden Gardens Park"
"287","GCKI","0.197441050742523","0.00635217559259493","0.0709873452918081","0.0845304070832184","0.40102909531344","Golden Gardens Park"
"288","GCSP","-0.940387871878843","0.0991769507125514","-0.544367136069779","0.25425992157129","0.0322751024852544","Golden Gardens Park"
"289","GWGU","-0.150805398390299","0.484914140960519","-0.627421229561436","0.0631650894842891","2.99004286482481e-23","Golden Gardens Park"
"290","HADU","-1.56325424107838","0.236394579432193","-1.21434102681498","0.566052198833591","0.0319303867359723","Golden Gardens Park"
"291","HAWO","-1.28285998652244","0.000891348342186737","0.0633940887784463","0.445266777231709","0.886785171753731","Golden Gardens Park"
"292","HEEG","-0.98464882446587","0.0897879317586113","-0.535556055609648","0.267049556986885","0.0449143524035403","Golden Gardens Park"
"293","HOFI","-0.0564009793359521","0.0341949387776678","0.219445069681805","0.123148279685334","0.0747560711373169","Golden Gardens Park"
"294","HOGR","-0.907458235139447","0.266886594978679","-0.535235402232364","0.101717807115169","1.42524959293055e-07","Golden Gardens Park"
"295","HOME","-0.728116721460318","0.341467840221741","-1.30519131166633","0.349795980360018","0.00019049946446513","Golden Gardens Park"
"296","HOSP","-1.81739521042647","0.75028541210858","-4.61990898117373","1.26867479681996","0.000271029466945833","Golden Gardens Park"
"297","KILL","-1.26223709690907","0.0311966812672408","-0.355958268196021","0.377970562664796","0.346314565118489","Golden Gardens Park"
"298","MALL","-1.64955946289076","0.0366437096366184","-0.125073462852375","0.0708346067441829","0.0774443024388132","Golden Gardens Park"
"299","NOFL","-0.879604920835154","0.00399534973872684","0.059760669500152","0.104719882463083","0.568222230645741","Golden Gardens Park"
"300","NSHO","-1.07343386055416","0.0160112362809116","-0.148049966777402","0.144036002824323","0.304012026465405","Golden Gardens Park"
"301","OCWA","-0.985398366839984","0.00186838748527207","0.0644521686100704","0.200796592457193","0.748223741933942","Golden Gardens Park"
"302","OLGU","4.52521449220555","0.310188548762372","0.854284261144497","0.112803450958728","3.64112036584878e-14","Golden Gardens Park"
"303","OSPR","-1.39641557487367","0.0157518758692373","0.188747715221877","0.218301399702538","0.387247494628305","Golden Gardens Park"
"304","PAWR","-0.964944792886791","0.254255242443883","-0.50724737738455","0.0991918483495776","3.15739917535529e-07","Golden Gardens Park"
"305","PISI","0.215724406568711","0.00951139981765914","-0.132063921118205","0.149299080188706","0.376394253142897","Golden Gardens Park"
"306","PIWO","-0.064684563261451","0.0149039914799926","0.246140259050563","0.315501816245819","0.435299758803043","Golden Gardens Park"
"307","RBGU","-1.38079866939534","0.0993199404413462","-0.468092522570868","0.210144902261784","0.0259155427889678","Golden Gardens Park"
"308","RBME","-0.939114857990541","0.258050366631491","-0.667554669459271","0.146170381519039","4.94842196676528e-06","Golden Gardens Park"
"309","RBNU","-0.420418399100533","0.000421587910415577","0.0235824829820472","0.126072702035611","0.851617798053853","Golden Gardens Park"
"310","RCKI","-0.797511638373809","0.00156015336127746","0.0487707592870853","0.151071280804151","0.746821897644417","Golden Gardens Park"
"311","RHAU","-1.25221706454146","0.231020308490677","0.93978065528855","0.325488855237896","0.00388576133227638","Golden Gardens Park"
"312","RNGR","-1.03312931584006","0.371381155448968","-0.974276394303097","0.188326660950738","2.29955539559637e-07","Golden Gardens Park"
"313","ROPI","-1.51619994448832","7.97959285551153e-05","0.00541237857488691","0.0644516664139343","0.933075693239311","Golden Gardens Park"
"314","RWBL","0.042578463866688","0.556745593480649","-1.37184005932317","0.174883035844356","4.35274778635081e-15","Golden Gardens Park"
"315","SBIG","-0.799789711619941","0.00205156241311288","-0.0629923858864212","0.177279603981384","0.722343971080242","Golden Gardens Park"
"316","SOSP","-0.953340834736521","0.404926938027853","0.504844415684","0.0629069230462215","1.01311107500309e-15","Golden Gardens Park"
"317","SPTO","-0.998818721440084","0.000117597069746234","-0.00902381112901369","0.0899437073400118","0.920084468504805","Golden Gardens Park"
"318","STJA","-1.1822054891517","0.0177279948965542","0.222700133173237","0.257887339435647","0.387831899558335","Golden Gardens Park"
"319","SUSC","-1.03144901117605","0.10572071962115","-0.571678344918232","0.263252831509435","0.0298862783274964","Golden Gardens Park"
"320","VATH","-1.24577375139928","0.0437243083678457","-0.404547668247847","0.342933554145586","0.238132369080783","Golden Gardens Park"
"321","VGSW","-0.799910379820002","0.312206805170003","-1.13015800957668","0.295156938581358","0.000128661302333647","Golden Gardens Park"
"322","WAVI","-0.770670387492319","0.0780631029211361","0.536642677905684","0.29974497006277","0.0734007338001751","Golden Gardens Park"
"323","WCSP","-1.04312867757402","0.118727144688874","-0.36765186140614","0.117006903059686","0.00167718843260938","Golden Gardens Park"
"324","WEFL","-0.85535421810432","0.274206713350514","0.902809588791705","0.232476788436667","0.000102989083055552","Golden Gardens Park"
"325","WEGR","-1.45877734813346","0.30362393576921","-1.42605216532133","0.550131564450945","0.009536374756062","Golden Gardens Park"
"326","WEGU","-1.40423122600682","0.0991546423821269","-0.421105404469697","0.178446949623717","0.0182830519539392","Golden Gardens Park"
"327","WIWA","-1.05489524957671","0.0108853599589223","0.140558365414647","0.172477192319685","0.415107311511334","Golden Gardens Park"
"328","YEWA","-1.20064059401738","0.0261998283509505","-0.360336973034294","0.478176279595254","0.451110385736613","Golden Gardens Park"
"329","YRWA","-0.64898115084617","0.0206919955127449","0.214141075158967","0.189769057805754","0.259138414601971","Golden Gardens Park"
"330","AMCO","-0.376103278602377","0.210973913260562","-0.686626240629559","0.166005526162613","3.53158358358204e-05","Lake Forest Park"
"331","AMCR","-1.10641071114183","0.000449304061887701","0.0246892824968314","0.142438865224374","0.862390090643116","Lake Forest Park"
"332","AMWI","-1.11645135287907","0.0559256880862348","0.290722365956364","0.150130219377414","0.0528104078693505","Lake Forest Park"
"333","BAEA","-1.16630331602238","0.090011372474154","-0.502401321586849","0.245249040789571","0.0405075752082003","Lake Forest Park"
"334","BARS","-1.46803281774676","0.331396576755195","-1.03024048000148","0.249934992255194","3.75542120026672e-05","Lake Forest Park"
"335","BEKI","-0.519505764646842","0.000893955444571937","0.0546579320856942","0.267766171799544","0.838255344889906","Lake Forest Park"
"336","BUFF","-1.439360448016","0.0357241037375966","-0.213739347358778","0.14206714326702","0.132453886187705","Lake Forest Park"
"337","CAGU","-1.25595476377638","0.0563455820457291","-0.476710068260954","0.370425486824601","0.198120196623334","Lake Forest Park"
"338","CANG","-1.18319546708905","0.014537524373738","-0.161945617400729","0.177668574599931","0.362029876087878","Lake Forest Park"
"339","CATE","-0.671988915632659","0.169396658580814","0.95214515088238","0.43277260579207","0.0277994499899978","Lake Forest Park"
"340","COME","-0.800018690415278","0.0138937330634652","0.196409998798485","0.230554499058331","0.394268101641294","Lake Forest Park"
"341","DCCO","-0.969684500103616","0.295640525548371","-0.868335019928548","0.190976609213489","5.44642263010141e-06","Lake Forest Park"
"342","EUST","-1.0613027372525","0.197288333065002","-0.949893475836628","0.367444098075857","0.00973402016552662","Lake Forest Park"
"343","GADW","-0.935709480681723","0.0418889072105113","-0.251021961827429","0.142705296167103","0.0785735263101483","Lake Forest Park"
"344","GBHE","-0.748566450363564","0.0168705443888191","0.23017235879455","0.261330414677508","0.378441555014995","Lake Forest Park"
"345","GRSC","-0.415020870441348","0.0551020808691189","-0.426539656654515","0.240376496517926","0.0759862824584009","Lake Forest Park"
"346","GWGU","-0.985429766083484","2.85086355491515e-05","-0.00734797615683854","0.175582105129892","0.966618888339109","Lake Forest Park"
"347","GWTE","-1.14769111553679","0.194811662421714","-1.08672677294177","0.492909135937593","0.0274737284635075","Lake Forest Park"
"348","HOSP","-1.07966952545819","0.00374097817754782","-0.126664002542341","0.389236625841806","0.744865904137938","Lake Forest Park"
"349","KILL","-0.516753178015227","0.00657356347357718","-0.100371869541001","0.137233327625332","0.464537473994633","Lake Forest Park"
"350","LESC","-0.931944906689721","0.0984953089281148","-0.649841896912804","0.355140592210807","0.0672774747102104","Lake Forest Park"
"351","MALL","-1.03706137727976","0.027290356674775","0.238713004563318","0.191622209720934","0.212856887114154","Lake Forest Park"
"352","NOFL","-1.29517988346675","0.0979901225616109","-0.741958764382856","0.538769645209902","0.168470382027158","Lake Forest Park"
"353","NSHO","-1.36738547125387","0.0656608465863511","-0.59041268177761","0.510644573433565","0.247595014590934","Lake Forest Park"
"354","OSPR","-1.31692603116541","0.00593167067537015","0.159529419267301","0.414490592026273","0.70032582343149","Lake Forest Park"
"355","PBGR","-1.49544331867769","0.144549541954988","-0.549682272787047","0.19830748851618","0.00557355541181958","Lake Forest Park"
"356","RBGU","-0.975816691686675","0.000446380766688681","-0.027004744970881","0.158606467730111","0.864803645451425","Lake Forest Park"
"357","RNDU","-0.607420883770949","0.0135172660665365","-0.224241300290451","0.293673248022373","0.445121059725695","Lake Forest Park"
"358","TRES","-0.952182248897748","0.0464438636825106","-0.44143238699721","0.348736608340256","0.205583064269776","Lake Forest Park"
"359","VGSW","-1.26958151506694","0.0759129629946911","-0.464578931922189","0.253466011535052","0.0668168103596379","Lake Forest Park"
"360","WEGR","-1.16151508901774","0.225594884248001","-1.2481112347059","0.610069255601251","0.0407709618627701","Lake Forest Park"
"361","AGOL","-1.13968896608961","0.00204508521861912","0.0456955535200319","0.200463615274196","0.819685606177988","Lincoln Park"
"362","AMCR","-1.24701526511494","0.0134685490133285","0.0614344523206811","0.0899394572493489","0.494566072843677","Lincoln Park"
"363","AMRO","-1.37200386789187","0.3446265563896","-0.388046428436477","0.0950512977527289","4.45548100338012e-05","Lincoln Park"
"364","ANHU","-0.400532855558871","0.0912443439334554","-0.180785584614398","0.0913716765850387","0.0478640374844642","Lincoln Park"
"365","BAEA","-1.93377839104438","0.0649162324311185","0.379780406113593","0.401213201585344","0.343852821745553","Lincoln Park"
"366","BCCH","-1.95648485387318","0.005311667441249","-0.0354005135428999","0.0880101542243074","0.68751318360454","Lincoln Park"
"367","BEWR","-1.3652446821957","0.216694898128594","0.327830908630755","0.112382042588467","0.00353289860741433","Lincoln Park"
"368","BRCR","0.336744952817416","0.102400508318354","0.220606563715734","0.100852808939823","0.0287125193705898","Lincoln Park"
"369","BTPI","-1.24495279503357","0.0143629225388088","0.165116896293244","0.321469625174456","0.607509716142982","Lincoln Park"
"370","BUSH","1.91927064951552","0.0539074068544906","0.315703901752543","0.215385279235976","0.142712701410874","Lincoln Park"
"371","CATE","-0.18832934833502","0.0210441692960817","-0.175971387014215","0.223991049144827","0.43209135001056","Lincoln Park"
"372","CBCH","-1.97496673689412","0.149805722399157","0.219026617900657","0.0967466526956392","0.0235790763497174","Lincoln Park"
"373","COHA","-1.38659054431466","0.00020780061349468","-0.0187162820192894","0.303052551954329","0.950754598129529","Lincoln Park"
"374","CORA","-0.839075368672203","0.245734170230594","-0.617191237416059","0.239596691059231","0.00999625171642866","Lincoln Park"
"375","DEJU","-1.79283950867225","0.0621393625651384","0.126638957301354","0.0880800105670422","0.150498806844147","Lincoln Park"
"376","DOWO","-1.89477252284959","0.0289860798683389","-0.163237208380889","0.21190073893166","0.441093776004839","Lincoln Park"
"377","GCKI","-0.622212200360172","0.0609135089887748","0.143137832672656","0.0913592657401629","0.11717133914154","Lincoln Park"
"378","HOFI","0.49181633559179","0.475999284578208","0.904436144503278","0.165930807803567","5.01768912960517e-08","Lincoln Park"
"379","HUVI","0.14038808018416","0.0574098024385897","0.341110906201386","0.252326451133102","0.176419002514697","Lincoln Park"
"380","NOFL","-1.03162247356146","0.145683342278411","-0.32515131852459","0.14581753449343","0.025757362078819","Lincoln Park"
"381","OCWA","-1.65521066730353","0.0036004777267642","-0.0740459613334671","0.295396473109316","0.802072064292205","Lincoln Park"
"382","PAWR","0.364207030594458","0.0074565067033654","0.0769585179761269","0.143155132962605","0.590861341226094","Lincoln Park"
"383","PISI","1.3673534099918","0.154573882123602","0.45451853838398","0.156144628417148","0.00360410470269152","Lincoln Park"
"384","PUFI","0.377520483215945","0.546624293361246","0.948264482146079","0.151025865251509","3.41148512124158e-10","Lincoln Park"
"385","RBNU","-1.3446763716772","0.0876787601300878","0.164485836310688","0.0918300084458293","0.0732613369180134","Lincoln Park"
"386","RCKI","0.431852600435419","0.0508197460823341","-0.231345186231073","0.16679831206056","0.165449208199593","Lincoln Park"
"387","SOSP","-0.935907259789615","0.0189151903729488","0.0751009101768776","0.0899154634113563","0.403583102355084","Lincoln Park"
"388","SPTO","-0.946415911230833","0.157241877065545","0.244147444149869","0.0950418748474239","0.0102039328000157","Lincoln Park"
"389","STJA","-1.4845431002436","0.0230953120843572","0.114757770396491","0.142678491868727","0.421217831890726","Lincoln Park"
"390","SWTH","-1.52473986915148","0.0558498043358744","0.379780406113593","0.401213201585308","0.343852821745509","Lincoln Park"
"391","VATH","-0.833007233859081","0.0133861039592944","-0.109904871733671","0.181964791128354","0.545850445792115","Lincoln Park"
"392","WEFL","-0.979002921818218","0.0181405916109844","0.116259704972462","0.15701419969997","0.459032626617053","Lincoln Park"
"393","WETA","-1.01051955925843","0.0160383390437084","0.153154971460957","0.240607735154983","0.524428515902321","Lincoln Park"
"394","WIWA","-1.11164909837516","0.0109558441051052","-0.112660533783313","0.21671388575684","0.603162272205688","Lincoln Park"
"395","AGOL","2.17618714508985","0.153090369232287","-0.21954509471447","0.0399097821848134","3.77568989980098e-08","Magnuson Park"
"396","AMCO","-1.21815221638373","0.0915162345144012","-0.345682801943397","0.135325291634009","0.0106353196171464","Magnuson Park"
"397","AMCR","1.82728834786934","0.0176237272294812","0.0550299014061128","0.0310297669686682","0.0761533100735016","Magnuson Park"
"398","AMRO","0.0761430322206396","0.377666362814741","-0.322587208200827","0.0354279017641896","8.59046305365377e-20","Magnuson Park"
"399","AMWI","0.153681889821671","0.00143027671243134","0.0338736886587308","0.0874704914622045","0.698564867904008","Magnuson Park"
"400","ANHU","0.260008459813166","0.146320298742438","0.177171149545177","0.0360243722658411","8.73921809711811e-07","Magnuson Park"
"401","BAEA","-1.19385048724961","0.0464709950074995","-0.224972670425581","0.121328334376784","0.0637038656829832","Magnuson Park"
"402","BARS","0.0978583240940281","0.27294930488181","-0.429481257194548","0.0678797247769497","2.49824573462807e-10","Magnuson Park"
"403","BCCH","0.0416095372922194","0.249618007143202","0.226151851048853","0.0331389213484724","8.83196069402348e-12","Magnuson Park"
"404","BEKI","-0.627576524915012","0.0497688012084484","-0.333114015386715","0.188755988000538","0.0775996579642777","Magnuson Park"
"405","BEWR","-0.150138899218251","0.0767391284673481","0.123819042708597","0.0374116218324192","0.000934156554411507","Magnuson Park"
"406","BHCO","-0.573358174321966","0.329536223070449","-0.548428159206208","0.0817366187747312","1.95025467852694e-11","Magnuson Park"
"407","BHGR","0.249459879972371","0.113465393194802","-0.720854045751004","0.318854319869529","0.0237739375014088","Magnuson Park"
"408","BRCR","-1.24848692982348","0.42085912554895","1.3236404703282","0.30624181117437","1.54476221199743e-05","Magnuson Park"
"409","BTPI","-1.54248517900111","0.00224635985651589","0.0859507159033881","0.320929240229356","0.78883920208797","Magnuson Park"
"410","BUFF","-0.750783548803276","0.0587934732760379","-0.160670356858653","0.0636449297867072","0.0115869574527704","Magnuson Park"
"411","BUOR","-0.797350788452193","0.361095887725653","-1.2503809777865","0.315410265084509","7.36115697298322e-05","Magnuson Park"
"412","BUSH","-0.418868531316656","0.141651545916083","-0.269882737233543","0.064397635166412","2.77875061268667e-05","Magnuson Park"
"413","CAGU","-0.161731745916464","0.0847170422862573","0.276907000524823","0.0942242921246347","0.00329478271559718","Magnuson Park"
"414","CANG","-0.727404426658984","6.50734517708695e-05","-0.0063672650764159","0.081626582930215","0.937824236727942","Magnuson Park"
"415","CANV","-0.954731928222631","0.233888470609982","-1.14497575841738","0.446601424896915","0.0103547193519322","Magnuson Park"
"416","CAQU","-1.09920324034759","0.527907385051974","-1.53852304209648","0.259491270023943","3.04790078813275e-09","Magnuson Park"
"417","CATE","-0.469662871223981","0.0733973414828927","0.474572374706003","0.235452903285333","0.0438447076721592","Magnuson Park"
"418","CBCH","-0.951175705327635","0.197123688212159","0.623440304125354","0.166406640767087","0.000179328344804633","Magnuson Park"
"419","CEDW","0.256788666617226","0.0835316522307145","-0.227139882397276","0.0700654878809933","0.00118767926418463","Magnuson Park"
"420","CLSW","0.601596168370689","0.357115400382143","-0.657287691039974","0.0880762778995646","8.47609788390556e-14","Magnuson Park"
"421","COGO","-0.930883334144263","0.000151490521701936","-0.00863867708978219","0.0723852668861792","0.905003593935841","Magnuson Park"
"422","COHA","-1.21337750148164","0.163779250266688","0.434969754108554","0.1184553848495","0.000240647111511374","Magnuson Park"
"423","COME","-0.997801755129349","0.01477754909304","-0.105202786700425","0.0933468654533553","0.259738543490408","Magnuson Park"
"424","COYE","-0.212040096344958","0.185498891623102","0.510339690754191","0.119396590391224","1.91718228221906e-05","Magnuson Park"
"425","DCCO","-0.841004776282652","0.0447987212645938","-0.169645249196048","0.0821687497770409","0.0389612684691567","Magnuson Park"
"426","DEJU","-0.0407823275671528","0.711415602927798","1.04812819338471","0.0702077798416234","2.13614102645418e-50","Magnuson Park"
"427","DOWO","0.0120838109377717","0.155809619385101","0.384147806837275","0.0901783770304676","2.0454945063003e-05","Magnuson Park"
"428","EUST","0.340078712024885","0.397226059420279","-0.494832832204403","0.0560730704274242","1.0966957538186e-18","Magnuson Park"
"429","EUWI","-1.23661725455663","0.0587844070805764","-0.412950565752426","0.263433630979896","0.116981598783529","Magnuson Park"
"430","FOSP","-0.584417367520607","0.00112137776931898","-0.02183846346987","0.0630358782014167","0.729008327518645","Magnuson Park"
"431","GADW","2.31809134711028","0.0123102239188826","-0.0913836314241775","0.0655080389555855","0.163016221265603","Magnuson Park"
"432","GBHE","-1.32876753239001","0.00232327133547472","-0.0588563714252316","0.160128929389603","0.713204222863447","Magnuson Park"
"433","GCKI","-0.293537878240534","0.110169212521695","0.287235374350606","0.0811984118292151","0.000404009685176115","Magnuson Park"
"434","GCSP","-0.315683501428822","0.121507714450634","-0.328846421305518","0.0908672178981003","0.000295769296619115","Magnuson Park"
"435","GRSC","-0.273943861422704","0.00199323678846897","0.0492601197888196","0.12053798372577","0.682782692949755","Magnuson Park"
"436","GWGU","-0.898869502062923","0.000718527771007782","0.0181755392070101","0.0689136427105292","0.791977418546829","Magnuson Park"
"437","GWTE","0.415261412129393","0.0103707688310758","-0.16303222817904","0.186076225928517","0.38094398718461","Magnuson Park"
"438","HETH","-1.25482497436271","0.153925197298325","0.734332331240945","0.310986528461855","0.0182110169352911","Magnuson Park"
"439","HOFI","-0.641631479770955","0.0827455637106772","-0.120243985345123","0.0357636043093356","0.000773272682138063","Magnuson Park"
"440","HOGR","-1.28415583805845","0.0833744533951113","-0.339433494869432","0.140772549351653","0.0158992830654574","Magnuson Park"
"441","HOSP","-0.241692897589018","0.604086452883912","-1.93181632284248","0.3009246626442","1.36631809797053e-10","Magnuson Park"
"442","KILL","0.0908330437259948","0.188798741166133","-0.667155665710507","0.162935851948443","4.22914367336736e-05","Magnuson Park"
"443","LESC","0.403133762134601","0.0591607703951196","-0.264158793782638","0.103573927518117","0.0107587916919561","Magnuson Park"
"444","LISP","0.468756479256431","0.114973362053307","-0.509466399814888","0.163064965157802","0.00178219243558944","Magnuson Park"
"445","MALL","1.60260690526959","0.00400526812440172","-0.0382616843233854","0.0488185934095068","0.433185474325647","Magnuson Park"
"446","MAWR","8.17151164631254","0.0147396205080803","0.229843645793983","0.150895139872813","0.127708396421952","Magnuson Park"
"447","MERL","-1.28278124356326","0.0101993524983123","0.218550395547948","0.455166734958913","0.631117475841312","Magnuson Park"
"448","NOFL","-0.568593953927056","0.163987456048661","-0.260469345300964","0.0567852281024647","4.4983117506896e-06","Magnuson Park"
"449","NSHO","1.35827729837268","0.0148692978613931","-0.192788581315323","0.162668915102607","0.23595445942141","Magnuson Park"
"450","OCWA","-0.806737558322403","0.114338561015948","-0.437908806256637","0.150682450984053","0.00365882702302593","Magnuson Park"
"451","OLGU","-0.380599859881793","0.0200298819069055","0.257349221669176","0.263823316583099","0.329331890950829","Magnuson Park"
"452","OSPR","-0.502576422311722","0.330274778697245","1.00401971638848","0.202565597127588","7.17682899848229e-07","Magnuson Park"
"453","PAWR","-0.507454937036736","0.0168673565941522","0.110335032355083","0.0864826883759433","0.20202451643284","Magnuson Park"
"454","PBGR","-0.900364469999178","0.0471550485695257","-0.300391668168182","0.169940957474742","0.0771238291478682","Magnuson Park"
"455","PISI","1.96836351238805","0.0388295631270522","0.322012412571767","0.163061762997202","0.048292211580435","Magnuson Park"
"456","PUFI","-1.02331251268634","0.102649648809205","0.695540057092945","0.418781744058664","0.0967405074893643","Magnuson Park"
"457","RBGU","-0.663745896924951","3.45702705966122e-05","-0.00508895959494702","0.0898392758933562","0.954827864781747","Magnuson Park"
"458","RBME","-1.36873248281761","0.0233602414424456","-0.32463924034219","0.433964545023368","0.454413234148859","Magnuson Park"
"459","RBNU","-1.58478069067657","0.411058736971506","1.05391471345643","0.20931385796718","4.77617223601946e-07","Magnuson Park"
"460","RCKI","-0.619874720313456","0.0196946789444818","-0.0765447694989811","0.0507831573343729","0.131737226238372","Magnuson Park"
"461","RNDU","-0.355108788822622","0.01272612931964","-0.187339761462899","0.221433012880021","0.397534019584633","Magnuson Park"
"462","RNGR","-0.372880548825026","0.0821173296388519","-0.479177041187335","0.225761313302799","0.0337962729416975","Magnuson Park"
"463","ROPI","-0.623305878299667","0.323687198163243","-0.858994071375159","0.161392251511492","1.0240724964286e-07","Magnuson Park"
"464","RTHA","-1.13346927946939","0.253353278858996","-0.738961674688873","0.177523776926636","3.14634948248243e-05","Magnuson Park"
"465","RUHU","-1.18975315105255","0.13572851830645","-0.666478855598548","0.276045247188452","0.0157618993631432","Magnuson Park"
"466","RWBL","0.461349675214085","0.426251428416686","-0.572512873049794","0.0612788388354117","9.38638691299478e-21","Magnuson Park"
"467","SAVS","0.561955597612689","0.228379166363277","-0.369887493181857","0.060648418381505","1.06813474541939e-09","Magnuson Park"
"468","SBIG","0.928455077439394","0.12662729746672","0.446500214103235","0.115850585653913","0.000116154182186333","Magnuson Park"
"469","SOSP","0.77131252108575","0.0455576434573823","0.091109493982178","0.0337684161922517","0.0069743125515745","Magnuson Park"
"470","SPSA","-1.19354935550274","0.0998797785541523","-0.558927814353514","0.274347204698414","0.0416198950434715","Magnuson Park"
"471","SPTO","-0.421796159298172","0.200991496759262","0.191872641254282","0.0334042394568225","9.24872195945081e-09","Magnuson Park"
"472","SSHA","-1.439482307806","0.331766244993577","-1.60947236379073","0.655109385808439","0.0140180927606743","Magnuson Park"
"473","STJA","-1.14017693190459","0.0640865269337995","-0.301128726780936","0.144669505774103","0.0373887010094441","Magnuson Park"
"474","SWTH","-0.914431781733612","0.108750036252474","0.728097350758351","0.422742980766062","0.0850121405002737","Magnuson Park"
"475","TRES","1.28895812958938","0.00209532051626715","-0.0375363020825598","0.0721822594294112","0.603048828877442","Magnuson Park"
"476","VASW","-0.398735703338057","0.324036899559588","-0.669998636422697","0.108909605462969","7.65706360227625e-10","Magnuson Park"
"477","VATH","-0.219822268560347","0.0568701022433444","0.453483055258568","0.290676639360062","0.118737527603411","Magnuson Park"
"478","VGSW","1.21355831725801","0.00968891999083099","-0.0733040723164749","0.062538632595073","0.241140599182544","Magnuson Park"
"479","VIRA","0.499536425963094","0.00400923826816846","0.125375391882162","0.281587357127586","0.65614263528497","Magnuson Park"
"480","WAVI","-1.2823065780234","0.0293755442871956","0.229275521457806","0.177875954121087","0.197410953925521","Magnuson Park"
"481","WCSP","1.62845346079345","0.0321596708020742","-0.189579461027995","0.0958600104998962","0.0479659537332841","Magnuson Park"
"482","WEFL","-1.28691759370574","0.447789002558432","1.36806499295346","0.305123825693469","7.33808679172829e-06","Magnuson Park"
"483","WEGR","0.128496839230788","0.0464916306772274","-0.321063010386371","0.177577975547784","0.0706047208876322","Magnuson Park"
"484","WETA","-0.872457905979704","0.140785385451667","0.79180820516834","0.38026313782977","0.0373183712176818","Magnuson Park"
"485","WEWP","0.672335474616785","9.55315777595445e-08","0.000536251733075024","0.227797681435576","0.99812172546864","Magnuson Park"
"486","WIFL","-1.24489037046442","0.218360032948062","-0.689233941671454","0.186981567236117","0.000227711226671733","Magnuson Park"
"487","WIWA","0.378478942321533","3.2801264981952e-07","-0.000648198072401531","0.119962023586238","0.995688762975133","Magnuson Park"
"488","YEWA","-0.795913965220929","0.0889760693696509","-0.42274247081616","0.17700198200346","0.0169242708730169","Magnuson Park"
"489","YRWA","-0.715898897611587","0.0573578048791619","0.168871058461629","0.0679355697766789","0.0129277593852401","Magnuson Park"
"490","AGOL","-0.246026265803958","0.0379113432477592","-0.281226807937421","0.175948056793221","0.1099648131038","Seward Park"
"491","AMCO","-1.17128879764496","0.221972996763956","-0.727320821806036","0.203759684877955","0.000357659019103068","Seward Park"
"492","AMCR","6.56890986187089","0.0380737213542389","-0.135553005193062","0.0429560998295677","0.00160158935788657","Seward Park"
"493","AMRO","2.20824287385998","0.018493538643203","-0.0713043274404905","0.0394674106714615","0.0708147733463213","Seward Park"
"494","AMWI","0.0481990742456286","0.00046171966211539","0.0295303496341614","0.160475366333704","0.853999365029639","Seward Park"
"495","ANHU","1.35837243534714","0.307369053395012","0.397533823726184","0.0496500944092323","1.17819492754167e-15","Seward Park"
"496","BAEA","0.0295750257883904","0.0187310378116183","0.0872467825326375","0.0581008325181765","0.133189002422022","Seward Park"
"497","BAOW","-0.979225786394109","0.00736703832489871","0.152805897539775","0.270917891950207","0.572733517210491","Seward Park"
"498","BARS","-0.744504141391912","0.1751346144952","-0.660987955591071","0.190827647080067","0.000532611140451471","Seward Park"
"499","BCCH","1.17129837873836","0.156733042419791","0.227342092283607","0.0435000008888142","1.72977865308294e-07","Seward Park"
"500","BEKI","0.634782319606712","0.00247688084047526","-0.0717739316857551","0.157134622353773","0.647838428511315","Seward Park"
"501","BEWR","3.15823616578511","0.00217415422469702","-0.0276446855787743","0.0431573504686546","0.521811408425918","Seward Park"
"502","BHCO","0.690633566339102","0.0996359343901725","-0.629774329604546","0.266440225415112","0.0180953695170123","Seward Park"
"503","BHGR","-0.503004342642571","0.00101434475529216","0.0543367337079424","0.238249819785151","0.819594767484439","Seward Park"
"504","BRCR","2.48332245156895","0.142203153859317","0.254024628285285","0.0480591415057769","1.25247409006376e-07","Seward Park"
"505","BTPI","-0.77271089125671","0.103312292467764","-0.400086601381164","0.142851844203075","0.00509903046961818","Seward Park"
"506","BTYW","-0.0606442414857671","0.178431577665952","0.713955550897427","0.203711380117976","0.000457052320392554","Seward Park"
"507","BUFF","-0.461732408067031","0.00779705157197597","-0.0700497111443165","0.0789831621722204","0.375135846086621","Seward Park"
"508","BUSH","-0.418245989749858","0.128480405411463","-0.429286701748595","0.122312909871861","0.000448542446253871","Seward Park"
"509","CANG","2.27069354271042","5.91653899317812e-07","-0.000790356356592888","0.0883833846197084","0.992865121281738","Seward Park"
"510","CATE","-0.598861498881293","0.10097584439152","0.630636000618818","0.33250608987017","0.0578787841156039","Seward Park"
"511","CBCH","10.4232265920461","0.150676309516794","0.301673888344232","0.0401079480411128","5.41311163571304e-14","Seward Park"
"512","CEDW","-1.15868655815617","0.00744895119364652","-0.108412737035928","0.163368543936727","0.506940983617953","Seward Park"
"513","COGO","0.252573590485043","0.0165169279608033","-0.152836576144075","0.120641440557492","0.205203098359776","Seward Park"
"514","COHA","-1.16978733840704","0.00433054434746682","-0.102763674121595","0.22722638648341","0.651087177181474","Seward Park"
"515","COLO","-0.431636515749637","0.0332169429444529","-0.338880023455528","0.280030446489163","0.226219725299022","Seward Park"
"516","COME","-0.540167076947725","0.047103556507345","-0.169269432966152","0.077763376484348","0.0295011424495426","Seward Park"
"517","DCCO","-0.270622838268643","0.0032399795786836","-0.04524526571702","0.0763143876156918","0.553261537425566","Seward Park"
"518","DEJU","6.66542766288416","0.551544001268761","0.822501469249051","0.0507308208240384","4.0779954586175e-59","Seward Park"
"519","DOWO","-0.574854979051999","0.158716638747293","-0.388700496292469","0.0980802961900714","7.39875957313346e-05","Seward Park"
"520","EUST","-0.493718825804439","0.453937706214963","-0.925263090149522","0.126573059672943","2.66922198597591e-13","Seward Park"
"521","EVGR","-0.741759856791165","0.0265737126325136","-0.312331570666516","0.3008611812698","0.299211775830379","Seward Park"
"522","FOSP","-0.791508667090596","0.0010971885506379","0.0543367337079427","0.238249819785145","0.819594767484434","Seward Park"
"523","GADW","-0.97071135903354","0.0664485838533762","-0.206392310290095","0.0835938636104079","0.0135495471506282","Seward Park"
"524","GBHE","-1.28291249921795","0.00634185525586684","-0.0685638779793519","0.0987814027197302","0.487621362726967","Seward Park"
"525","GCKI","17.7895607858312","0.00418241728341751","-0.0547363102594585","0.0392013358135425","0.162628127801388","Seward Park"
"526","GWFG","-1.24900777511065","0.000155434733221549","-0.0269866879954354","0.451358021876302","0.952322904523521","Seward Park"
"527","GWGU","0.765698307209101","0.175530127391544","-0.406045286626934","0.0822377535848878","7.9148272095684e-07","Seward Park"
"528","HAWO","-1.1058965381479","0.00248767730084842","-0.102261993865029","0.383140521698697","0.789542562197711","Seward Park"
"529","HETH","-0.711913093448287","0.032278783609517","0.353184400501041","0.327672408077536","0.281097030281792","Seward Park"
"530","HOFI","0.954436704723677","0.00357209400336878","-0.0627585082478041","0.0991886729299075","0.526917487331066","Seward Park"
"531","HOGR","1.96434946033272","0.00191676715217159","0.0576970854227788","0.121185796342348","0.634000034425558","Seward Park"
"532","HOME","-0.96685036282778","0.000586165469917743","-0.0396749031571345","0.238577024702449","0.867922370294393","Seward Park"
"533","HUVI","-0.862106713273409","0.0113851424759642","-0.0943181293814307","0.0972422894676288","0.33208181805424","Seward Park"
"534","LESC","-0.286195823043687","0.13693247145013","-0.693794849967978","0.279977787474414","0.0132108061908991","Seward Park"
"535","MALL","-0.175846514518657","0.0127393549869868","-0.0711421696404262","0.0581195311367516","0.220927151448716","Seward Park"
"536","MERL","-0.756862923776033","0.0389442338720204","-0.314380375671557","0.217823603992816","0.148941709019399","Seward Park"
"537","NOFL","7.37310709817577","0.0061578505682307","-0.0552640436520031","0.0437232653493975","0.20624778980716","Seward Park"
"538","OCWA","-0.875338539789774","0.0288289625335444","-0.275637291079337","0.237897328963397","0.246603077354582","Seward Park"
"539","OLGU","-1.27341450566911","0.239880038315927","1.25085460922288","0.564350854688965","0.0266608007606267","Seward Park"
"540","OSPR","-0.214750963838811","0.223687419533662","0.924252654947579","0.259288644689426","0.000364452479588527","Seward Park"
"541","PAWR","1.24324934141658","0.292034801907656","-0.32892559242774","0.0419498857714411","4.47266324429884e-15","Seward Park"
"542","PBGR","-0.132543688100006","0.0573474003514899","-0.208048425881771","0.0843618887970034","0.0136577048481582","Seward Park"
"543","PISI","6.89690771562458","0.000238618845513794","-0.0148529346412876","0.0614050877031044","0.808869714972945","Seward Park"
"544","PIWO","-0.230019354409978","0.0363479518521761","0.180574583534926","0.0953940046227581","0.0583666069143065","Seward Park"
"545","PUFI","1.03237682944103","0.467298291436153","0.877308726961355","0.096852217665896","1.32596203047096e-19","Seward Park"
"546","RBGU","-0.767239563376692","0.0479138764455659","-0.234882044694629","0.121019977475528","0.0522760517412423","Seward Park"
"547","RBNU","7.57650286276382","0.0803113826539784","0.196724764350818","0.0404967209774742","1.18700274093464e-06","Seward Park"
"548","RBSA","-0.872596442629384","0.00431902713953292","-0.102880209312934","0.212010192376732","0.627491446107594","Seward Park"
"549","RCKI","0.351703828952124","0.134507134434213","-0.257761772691487","0.0593124464345034","1.38750388542633e-05","Seward Park"
"550","RECR","23.505150574672","0.000995969540070973","-0.056643329750503","0.0876385347474522","0.518066286855202","Seward Park"
"551","RNDU","0.215200478310027","0.0794439076166197","-0.343397000819416","0.126602094536828","0.0066795577366148","Seward Park"
"552","ROPI","-1.58074329726327","0.333059977328643","-1.3463551453846","0.458660495723164","0.00333110645479449","Seward Park"
"553","RUHU","-1.12659661162843","0.0391103631047328","-0.273950260678408","0.180921563308198","0.129976762074924","Seward Park"
"554","RWBL","1.7678024078043","0.0289579341218009","-0.226810252991187","0.120885715806539","0.0606227432736566","Seward Park"
"555","SBIG","-0.908291438861947","0.015169384553293","-0.236543364952813","0.325436714444314","0.467318434952327","Seward Park"
"556","SOSP","4.2624970219585","0.0111589679570254","0.0613307399830688","0.0397601381567812","0.12294769892246","Seward Park"
"557","SPTO","1.08624956759562","0.00198107645208645","-0.0226002483665436","0.0413116644926662","0.584332702683931","Seward Park"
"558","SSHA","-0.987707577384446","0.197781741790691","-0.824998889568048","0.285387261395527","0.00384256605211146","Seward Park"
"559","STJA","1.72593936684125","0.0479161522046728","-0.171234161775228","0.0624497986863214","0.00610758275432767","Seward Park"
"560","SWTH","0.791342354285765","0.00465916966586355","0.0844278297373695","0.124720474703882","0.498446304931122","Seward Park"
"561","TOWA","0.0548853999553707","0.0137091552063965","-0.142766805461457","0.126588570660452","0.259403674382821","Seward Park"
"562","TRES","0.60547302860032","0.0601045539195484","-0.445159639693324","0.214881745687877","0.0382981493234015","Seward Park"
"563","VASW","-0.513980515069052","0.308338640220737","-0.913274953866285","0.189562182069248","1.45141033240392e-06","Seward Park"
"564","VATH","1.30023966507345","0.000969073238220597","-0.0284925713023282","0.0805836187285897","0.723655382127326","Seward Park"
"565","VGSW","0.0475657606818918","0.0298987541367411","-0.229311730390054","0.149425141012137","0.124875682960539","Seward Park"
"566","WAVI","-0.562291214335516","0.0445698103835092","-0.337424921184132","0.209904832316121","0.10794169778266","Seward Park"
"567","WEFL","0.877631738521912","0.282314293638146","0.486219591229995","0.0712395977780798","8.78450831086383e-12","Seward Park"
"568","WEGR","0.110636381695647","0.0321614247564929","-0.329791285278605","0.246708977448778","0.181300205484834","Seward Park"
"569","WETA","-0.103414069955476","0.0166598957123439","-0.160392347736713","0.138622317064108","0.247253713646258","Seward Park"
"570","WEWP","0.74151215896058","0.0341459210663175","-0.407982970502589","0.354060615257482","0.249199065897842","Seward Park"
"571","WIWA","0.159048087361003","0.00750845397396782","0.0975364791138372","0.115883963831934","0.399970649995825","Seward Park"
"572","YRWA","2.83509041580177","0.0171113383502985","0.196468778938037","0.149272642688161","0.188115630828388","Seward Park"
"573","AGOL","6.79442391422314","0.0138213128510949","0.143566362256608","0.0855861853049898","0.0934549397439959","Washington Park Arboretum"
"574","AMCR","2.08274302745903","0.41325171288736","-0.528515527791321","0.0518519523247173","2.1356864891363e-24","Washington Park Arboretum"
"575","AMRO","1.39431407822892","0.155520055704128","-0.249568945976181","0.0487843212370289","3.12477915107947e-07","Washington Park Arboretum"
"576","ANHU","3.11105319966297","0.114062633598124","0.229845618343725","0.0487720480687455","2.44515327113932e-06","Washington Park Arboretum"
"577","BAEA","-1.11720735343312","0.0220039886700814","0.256130213052352","0.266110176155289","0.335800072016435","Washington Park Arboretum"
"578","BAOW","-1.28219596054724","0.00529667485885399","-0.15724450287577","0.46224302963581","0.733723146908783","Washington Park Arboretum"
"579","BARS","0.633337235644873","0.512831868547771","-2.12409919575588","0.483537241138533","1.11882169482447e-05","Washington Park Arboretum"
"580","BCCH","2.10823188936957","0.0064324033733022","-0.0486347590389636","0.0481669668139163","0.312633344839325","Washington Park Arboretum"
"581","BEKI","-0.458111241593071","0.000438667305336593","-0.037031715567041","0.256111663299601","0.885032958598377","Washington Park Arboretum"
"582","BEWR","2.31105090189833","0.25548692503233","-0.361896119138206","0.0494976817071347","2.64422179796616e-13","Washington Park Arboretum"
"583","BHCO","0.0959789844329286","0.0779416331028145","-0.497783739102758","0.224114041506335","0.0263429679318078","Washington Park Arboretum"
"584","BRCR","-0.117210100806804","0.109805387075327","0.24480620834198","0.0682806686240394","0.000336699880417065","Washington Park Arboretum"
"585","BTPI","-0.838298475266297","0.200350818670947","-0.54923659137509","0.135571062028136","5.09377904778994e-05","Washington Park Arboretum"
"586","BTYW","-1.14770560707218","0.197583484691256","0.797829786064671","0.276910466051561","0.00396185272198657","Washington Park Arboretum"
"587","BUSH","-1.14050303315902","0.10999742801159","-0.35512347573108","0.123697946744536","0.00409315029304106","Washington Park Arboretum"
"588","CBCH","1.02228559041701","0.264876542126363","0.398802107008092","0.0598479397213765","2.67219057628972e-11","Washington Park Arboretum"
"589","CEDW","-0.859928450182723","0.022659452876713","-0.182731258121305","0.145687015362689","0.209742873256287","Washington Park Arboretum"
"590","COHA","0.00381519691885446","0.00134718238543252","0.0424874894527277","0.124821859019141","0.733566607441389","Washington Park Arboretum"
"591","DCCO","-0.864078974791098","0.0663716953580621","-0.529580401096845","0.356734178850507","0.13766999738664","Washington Park Arboretum"
"592","DEJU","1.02839866836486","0.381366326684345","0.46565613914027","0.0520869877107212","3.8927389762853e-19","Washington Park Arboretum"
"593","DOWO","-0.955598414033237","0.0104792488727926","0.106739754432295","0.119956479738387","0.373562189173532","Washington Park Arboretum"
"594","EUST","-1.07481467865529","0.50599351669535","-1.77498460041007","0.36751349796376","1.36730203890267e-06","Washington Park Arboretum"
"595","FOSP","-0.832546544719927","0.060550753752676","-0.506935247490288","0.354197414729878","0.152366507126846","Washington Park Arboretum"
"596","GADW","-0.519678324988044","0.12285397838386","-0.586916772349208","0.222022362302862","0.00820530477396659","Washington Park Arboretum"
"597","GBHE","-1.53138926444759","0.00119783203259516","0.0558050450908564","0.26353209794122","0.832295791853903","Washington Park Arboretum"
"598","GCKI","1.85369089840108","0.332732827466677","-0.42712374905128","0.0500333150193114","1.38005718683689e-17","Washington Park Arboretum"
"599","GWGU","-0.383408852355718","0.475094172036707","-1.11535374808559","0.160654655816042","3.85071561568359e-12","Washington Park Arboretum"
"600","HETH","-1.15486932323794","0.0991768120414959","0.478490470638628","0.210346564195605","0.0229196118479879","Washington Park Arboretum"
"601","HOFI","1.28191561064962","0.00641696980714257","0.0610012006667398","0.0652447746523182","0.349809339220467","Washington Park Arboretum"
"602","HUVI","-0.0774329383945815","0.0110232292878072","-0.118727848547753","0.121119451735209","0.326960667411576","Washington Park Arboretum"
"603","MALL","0.151754203439395","0.00661146746531449","-0.100137839878868","0.134587338810334","0.456854630210106","Washington Park Arboretum"
"604","MERL","-0.926609485115772","0.0407767352876149","0.366227216582739","0.279540106089556","0.19015992287777","Washington Park Arboretum"
"605","NOFL","0.42311316489349","0.291497704447353","-0.433684549187838","0.0644268206740466","1.68005166033847e-11","Washington Park Arboretum"
"606","OCWA","-0.924308524340133","0.000837240957855978","0.0526042823027377","0.294397102166589","0.858185218325874","Washington Park Arboretum"
"607","OSFL","-0.526877924663572","0.0967185093999189","-0.689707974944598","0.397720380959091","0.0828909472323474","Washington Park Arboretum"
"608","OSPR","-1.36407448337759","0.00247263619158","0.104998573942498","0.455260560600714","0.817599134680679","Washington Park Arboretum"
"609","PAWR","2.43489148818172","0.00315771759777528","-0.0470677510515602","0.0688638638592646","0.494297370251729","Washington Park Arboretum"
"610","PISI","9.09979565643896","0.0298661466057221","-0.188758440092194","0.0637578595515684","0.00307088565949845","Washington Park Arboretum"
"611","PUFI","-1.50913726164695","0.347194717211424","1.61574634977325","0.680966402294517","0.0176573809108743","Washington Park Arboretum"
"612","RBNU","2.43468210007971","0.0142152321701871","-0.0776682061760432","0.051298476561417","0.130014405734509","Washington Park Arboretum"
"613","RCKI","0.676327494568067","0.0307616720718347","-0.127884596431871","0.065720426991279","0.0516681833904701","Washington Park Arboretum"
"614","ROPI","-1.3877143838148","0.00215436153523452","-0.0922172889146881","0.387954984609566","0.812113005775478","Washington Park Arboretum"
"615","RTHA","-0.486819109273648","0.020384495441816","-0.253501991546214","0.263182149840697","0.335437738183204","Washington Park Arboretum"
"616","SOSP","2.908094343353","0.0489048376192291","0.144248335115708","0.0488814170739406","0.00316762162400488","Washington Park Arboretum"
"617","SPTO","-1.17967701595163","0.0187921027172099","0.0695261986212572","0.0505654920062685","0.169139739608312","Washington Park Arboretum"
"618","STJA","-0.702770309371196","0.0244581833875415","-0.109222427401895","0.0709473709489836","0.123685888811147","Washington Park Arboretum"
"619","TOWA","0.170383030202906","0.000312034231285896","0.0202997650781759","0.121555114919696","0.867369654801192","Washington Park Arboretum"
"620","VASW","-1.15286364778341","0.502321966869668","-1.39114289826878","0.256836353366543","6.07918214130613e-08","Washington Park Arboretum"
"621","VATH","-0.93911865759633","0.00332982818239724","0.0444796438469039","0.0835400285418989","0.594424677056823","Washington Park Arboretum"
"622","VGSW","-0.525015168281794","0.229950403067951","-0.68683642153979","0.168165248758214","4.4210908111697e-05","Washington Park Arboretum"
"623","WEFL","-0.671282731238483","0.210566981804326","0.501724178654149","0.112744730902878","8.58343854227978e-06","Washington Park Arboretum"
"624","WETA","-0.795711520607568","0.0269764473735171","0.172617009749727","0.121042591892285","0.153843843572068","Washington Park Arboretum"
"625","WIWA","-0.628849342472043","0.00702831822787142","0.0976226508164873","0.139236398651384","0.483222630871556","Washington Park Arboretum"
"626","YRWA","-0.652139935317294","0.0429798402908236","0.293950061542625","0.181124846552063","0.104607775798978","Washington Park Arboretum"
